skill,drift,policy,day,success_probability
peg_insertion,compound_shock,frozen,0,0.877862
peg_insertion,compound_shock,frozen,1,0.858381
peg_insertion,compound_shock,frozen,2,0.839366
peg_insertion,compound_shock,frozen,3,0.820806
peg_insertion,compound_shock,frozen,4,0.802689
peg_insertion,compound_shock,frozen,5,0.785004
peg_insertion,compound_shock,frozen,6,0.767740
peg_insertion,compound_shock,frozen,7,0.750887
peg_insertion,compound_shock,frozen,8,0.734435
peg_insertion,compound_shock,frozen,9,0.718374
peg_insertion,compound_shock,frozen,10,0.702693
peg_insertion,compound_shock,frozen,11,0.687383
peg_insertion,compound_shock,frozen,12,0.672436
peg_insertion,compound_shock,frozen,13,0.657842
peg_insertion,compound_shock,frozen,14,0.643592
peg_insertion,compound_shock,frozen,15,0.629678
peg_insertion,compound_shock,frozen,16,0.616092
peg_insertion,compound_shock,frozen,17,0.602825
peg_insertion,compound_shock,frozen,18,0.589869
peg_insertion,compound_shock,frozen,19,0.577218
peg_insertion,compound_shock,frozen,20,0.564864
peg_insertion,compound_shock,frozen,21,0.552799
peg_insertion,compound_shock,frozen,22,0.541017
peg_insertion,compound_shock,frozen,23,0.529510
peg_insertion,compound_shock,frozen,24,0.518273
peg_insertion,compound_shock,frozen,25,0.507298
peg_insertion,compound_shock,frozen,26,0.496580
peg_insertion,compound_shock,frozen,27,0.486113
peg_insertion,compound_shock,frozen,28,0.475890
peg_insertion,compound_shock,frozen,29,0.465907
peg_insertion,compound_shock,frozen,30,0.456157
peg_insertion,compound_shock,frozen,31,0.446635
peg_insertion,compound_shock,frozen,32,0.348567
peg_insertion,compound_shock,frozen,33,0.341406
peg_insertion,compound_shock,frozen,34,0.334386
peg_insertion,compound_shock,frozen,35,0.327506
peg_insertion,compound_shock,frozen,36,0.320763
peg_insertion,compound_shock,frozen,37,0.314156
peg_insertion,compound_shock,frozen,38,0.307681
peg_insertion,compound_shock,frozen,39,0.301338
peg_insertion,compound_shock,frozen,40,0.295125
peg_insertion,compound_shock,frozen,41,0.289039
peg_insertion,compound_shock,frozen,42,0.283078
peg_insertion,compound_shock,frozen,43,0.277242
peg_insertion,compound_shock,frozen,44,0.271527
peg_insertion,compound_shock,frozen,45,0.265932
peg_insertion,compound_shock,frozen,46,0.260455
peg_insertion,compound_shock,frozen,47,0.255095
peg_insertion,compound_shock,frozen,48,0.249849
peg_insertion,compound_shock,frozen,49,0.244716
peg_insertion,compound_shock,frozen,50,0.239694
peg_insertion,compound_shock,frozen,51,0.234781
peg_insertion,compound_shock,frozen,52,0.229976
peg_insertion,compound_shock,frozen,53,0.225276
peg_insertion,compound_shock,frozen,54,0.220681
peg_insertion,compound_shock,frozen,55,0.216187
peg_insertion,compound_shock,frozen,56,0.211794
peg_insertion,compound_shock,frozen,57,0.207500
peg_insertion,compound_shock,frozen,58,0.203302
peg_insertion,compound_shock,frozen,59,0.199199
peg_insertion,compound_shock,frozen,60,0.195190
peg_insertion,compound_shock,frozen,61,0.191272
peg_insertion,compound_shock,frozen,62,0.187445
peg_insertion,compound_shock,frozen,63,0.183705
peg_insertion,compound_shock,frozen,64,0.180051
peg_insertion,compound_shock,frozen,65,0.176482
peg_insertion,compound_shock,frozen,66,0.172996
peg_insertion,compound_shock,frozen,67,0.169590
peg_insertion,compound_shock,frozen,68,0.166264
peg_insertion,compound_shock,frozen,69,0.163015
peg_insertion,compound_shock,frozen,70,0.159842
peg_insertion,compound_shock,frozen,71,0.156743
peg_insertion,compound_shock,frozen,72,0.153716
peg_insertion,compound_shock,frozen,73,0.150759
peg_insertion,compound_shock,frozen,74,0.147871
peg_insertion,compound_shock,frozen,75,0.145050
peg_insertion,compound_shock,frozen,76,0.142295
peg_insertion,compound_shock,frozen,77,0.139603
peg_insertion,compound_shock,frozen,78,0.136973
peg_insertion,compound_shock,frozen,79,0.134404
peg_insertion,compound_shock,frozen,80,0.131893
peg_insertion,compound_shock,frozen,81,0.129439
peg_insertion,compound_shock,frozen,82,0.127041
peg_insertion,compound_shock,frozen,83,0.124697
peg_insertion,compound_shock,frozen,84,0.122406
peg_insertion,compound_shock,frozen,85,0.120165
peg_insertion,compound_shock,frozen,86,0.117974
peg_insertion,compound_shock,frozen,87,0.115832
peg_insertion,compound_shock,frozen,88,0.024967
peg_insertion,compound_shock,frozen,89,0.024836
peg_insertion,compound_shock,frozen,90,0.024678
peg_insertion,compound_shock,frozen,91,0.024494
peg_insertion,compound_shock,frozen,92,0.024285
peg_insertion,compound_shock,frozen,93,0.024053
peg_insertion,compound_shock,frozen,94,0.023799
peg_insertion,compound_shock,frozen,95,0.023524
peg_insertion,compound_shock,frozen,96,0.023229
peg_insertion,compound_shock,frozen,97,0.022915
peg_insertion,compound_shock,frozen,98,0.022584
peg_insertion,compound_shock,frozen,99,0.022236
peg_insertion,compound_shock,frozen,100,0.021872
peg_insertion,compound_shock,frozen,101,0.021494
peg_insertion,compound_shock,frozen,102,0.021103
peg_insertion,compound_shock,frozen,103,0.020699
peg_insertion,compound_shock,frozen,104,0.020283
peg_insertion,compound_shock,frozen,105,0.019856
peg_insertion,compound_shock,frozen,106,0.019419
peg_insertion,compound_shock,frozen,107,0.018974
peg_insertion,compound_shock,frozen,108,0.018520
peg_insertion,compound_shock,frozen,109,0.018058
peg_insertion,compound_shock,frozen,110,0.017590
peg_insertion,compound_shock,frozen,111,0.017117
peg_insertion,compound_shock,frozen,112,0.016638
peg_insertion,compound_shock,frozen,113,0.016155
peg_insertion,compound_shock,frozen,114,0.015669
peg_insertion,compound_shock,frozen,115,0.015180
peg_insertion,compound_shock,frozen,116,0.014688
peg_insertion,compound_shock,frozen,117,0.014196
peg_insertion,compound_shock,frozen,118,0.013703
peg_insertion,compound_shock,frozen,119,0.013210
peg_insertion,compound_shock,frozen,120,0.012718
peg_insertion,compound_shock,frozen,121,0.012227
peg_insertion,compound_shock,frozen,122,0.011738
peg_insertion,compound_shock,frozen,123,0.011252
peg_insertion,compound_shock,frozen,124,0.010769
peg_insertion,compound_shock,frozen,125,0.010289
peg_insertion,compound_shock,frozen,126,0.010000
peg_insertion,compound_shock,frozen,127,0.010000
peg_insertion,compound_shock,frozen,128,0.010000
peg_insertion,compound_shock,frozen,129,0.010000
peg_insertion,compound_shock,frozen,130,0.010000
peg_insertion,compound_shock,frozen,131,0.010000
peg_insertion,compound_shock,frozen,132,0.010000
peg_insertion,compound_shock,frozen,133,0.010000
peg_insertion,compound_shock,frozen,134,0.010000
peg_insertion,compound_shock,frozen,135,0.010000
peg_insertion,compound_shock,frozen,136,0.010000
peg_insertion,compound_shock,frozen,137,0.010000
peg_insertion,compound_shock,frozen,138,0.010000
peg_insertion,compound_shock,frozen,139,0.010000
peg_insertion,compound_shock,frozen,140,0.010000
peg_insertion,compound_shock,frozen,141,0.010000
peg_insertion,compound_shock,frozen,142,0.010000
peg_insertion,compound_shock,frozen,143,0.010000
peg_insertion,compound_shock,frozen,144,0.010000
peg_insertion,compound_shock,frozen,145,0.010000
peg_insertion,compound_shock,frozen,146,0.010000
peg_insertion,compound_shock,frozen,147,0.010000
peg_insertion,compound_shock,frozen,148,0.010000
peg_insertion,compound_shock,frozen,149,0.010000
peg_insertion,compound_shock,frozen,150,0.010000
peg_insertion,compound_shock,frozen,151,0.010000
peg_insertion,compound_shock,frozen,152,0.010000
peg_insertion,compound_shock,frozen,153,0.010000
peg_insertion,compound_shock,frozen,154,0.010000
peg_insertion,compound_shock,frozen,155,0.010000
peg_insertion,compound_shock,frozen,156,0.010000
peg_insertion,compound_shock,frozen,157,0.010000
peg_insertion,compound_shock,frozen,158,0.010000
peg_insertion,compound_shock,frozen,159,0.010000
peg_insertion,compound_shock,frozen,160,0.010000
peg_insertion,compound_shock,frozen,161,0.010000
peg_insertion,compound_shock,frozen,162,0.010000
peg_insertion,compound_shock,frozen,163,0.010000
peg_insertion,compound_shock,frozen,164,0.010000
peg_insertion,compound_shock,frozen,165,0.010000
peg_insertion,compound_shock,frozen,166,0.010000
peg_insertion,compound_shock,frozen,167,0.010000
peg_insertion,compound_shock,frozen,168,0.010000
peg_insertion,compound_shock,frozen,169,0.010000
peg_insertion,compound_shock,frozen,170,0.010000
peg_insertion,compound_shock,frozen,171,0.010000
peg_insertion,compound_shock,frozen,172,0.010000
peg_insertion,compound_shock,frozen,173,0.010000
peg_insertion,compound_shock,frozen,174,0.010000
peg_insertion,compound_shock,frozen,175,0.010000
peg_insertion,compound_shock,frozen,176,0.010000
peg_insertion,compound_shock,frozen,177,0.010000
peg_insertion,compound_shock,frozen,178,0.010000
peg_insertion,compound_shock,frozen,179,0.010000
peg_insertion,compound_shock,frozen,180,0.010000
peg_insertion,compound_shock,frozen,181,0.010000
peg_insertion,compound_shock,frozen,182,0.010000
peg_insertion,compound_shock,frozen,183,0.010000
peg_insertion,compound_shock,frozen,184,0.010000
peg_insertion,compound_shock,frozen,185,0.010000
peg_insertion,compound_shock,frozen,186,0.010000
peg_insertion,compound_shock,frozen,187,0.010000
peg_insertion,compound_shock,frozen,188,0.010000
peg_insertion,compound_shock,frozen,189,0.010000
peg_insertion,compound_shock,frozen,190,0.010000
peg_insertion,compound_shock,frozen,191,0.010000
peg_insertion,compound_shock,frozen,192,0.010000
peg_insertion,compound_shock,frozen,193,0.010000
peg_insertion,compound_shock,frozen,194,0.010000
peg_insertion,compound_shock,frozen,195,0.010000
peg_insertion,compound_shock,frozen,196,0.010000
peg_insertion,compound_shock,frozen,197,0.010000
peg_insertion,compound_shock,frozen,198,0.010000
peg_insertion,compound_shock,frozen,199,0.010000
peg_insertion,compound_shock,frozen,200,0.010000
peg_insertion,compound_shock,frozen,201,0.010000
peg_insertion,compound_shock,frozen,202,0.010000
peg_insertion,compound_shock,frozen,203,0.010000
peg_insertion,compound_shock,frozen,204,0.010000
peg_insertion,compound_shock,frozen,205,0.010000
peg_insertion,compound_shock,frozen,206,0.010000
peg_insertion,compound_shock,frozen,207,0.010000
peg_insertion,compound_shock,frozen,208,0.010000
peg_insertion,compound_shock,frozen,209,0.010000
peg_insertion,compound_shock,frozen,210,0.010000
peg_insertion,compound_shock,frozen,211,0.010000
peg_insertion,compound_shock,frozen,212,0.010000
peg_insertion,compound_shock,frozen,213,0.010000
peg_insertion,compound_shock,frozen,214,0.010000
peg_insertion,compound_shock,frozen,215,0.010000
peg_insertion,compound_shock,frozen,216,0.010000
peg_insertion,compound_shock,frozen,217,0.010000
peg_insertion,compound_shock,frozen,218,0.010000
peg_insertion,compound_shock,frozen,219,0.010000
peg_insertion,compound_shock,frozen,220,0.010000
peg_insertion,compound_shock,frozen,221,0.010000
peg_insertion,compound_shock,frozen,222,0.010000
peg_insertion,compound_shock,frozen,223,0.010000
peg_insertion,compound_shock,frozen,224,0.010000
peg_insertion,compound_shock,frozen,225,0.010000
peg_insertion,compound_shock,frozen,226,0.010000
peg_insertion,compound_shock,frozen,227,0.010000
peg_insertion,compound_shock,frozen,228,0.010000
peg_insertion,compound_shock,frozen,229,0.010000
peg_insertion,compound_shock,frozen,230,0.010000
peg_insertion,compound_shock,frozen,231,0.010000
peg_insertion,compound_shock,frozen,232,0.010000
peg_insertion,compound_shock,frozen,233,0.010000
peg_insertion,compound_shock,frozen,234,0.010000
peg_insertion,compound_shock,frozen,235,0.010000
peg_insertion,compound_shock,frozen,236,0.010000
peg_insertion,compound_shock,frozen,237,0.010000
peg_insertion,compound_shock,frozen,238,0.010000
peg_insertion,compound_shock,frozen,239,0.010000
peg_insertion,compound_shock,frozen,240,0.010000
peg_insertion,compound_shock,calendar_recalibration,0,0.875413
peg_insertion,compound_shock,calendar_recalibration,1,0.856265
peg_insertion,compound_shock,calendar_recalibration,2,0.837554
peg_insertion,compound_shock,calendar_recalibration,3,0.819271
peg_insertion,compound_shock,calendar_recalibration,4,0.801405
peg_insertion,compound_shock,calendar_recalibration,5,0.783946
peg_insertion,compound_shock,calendar_recalibration,6,0.766884
peg_insertion,compound_shock,calendar_recalibration,7,0.750209
peg_insertion,compound_shock,calendar_recalibration,8,0.733912
peg_insertion,compound_shock,calendar_recalibration,9,0.717985
peg_insertion,compound_shock,calendar_recalibration,10,0.702417
peg_insertion,compound_shock,calendar_recalibration,11,0.687201
peg_insertion,compound_shock,calendar_recalibration,12,0.672328
peg_insertion,compound_shock,calendar_recalibration,13,0.657791
peg_insertion,compound_shock,calendar_recalibration,14,0.643580
peg_insertion,compound_shock,calendar_recalibration,15,0.629689
peg_insertion,compound_shock,calendar_recalibration,16,0.616110
peg_insertion,compound_shock,calendar_recalibration,17,0.602836
peg_insertion,compound_shock,calendar_recalibration,18,0.589859
peg_insertion,compound_shock,calendar_recalibration,19,0.577173
peg_insertion,compound_shock,calendar_recalibration,20,0.564772
peg_insertion,compound_shock,calendar_recalibration,21,0.552648
peg_insertion,compound_shock,calendar_recalibration,22,0.540796
peg_insertion,compound_shock,calendar_recalibration,23,0.529210
peg_insertion,compound_shock,calendar_recalibration,24,0.517883
peg_insertion,compound_shock,calendar_recalibration,25,0.506810
peg_insertion,compound_shock,calendar_recalibration,26,0.495986
peg_insertion,compound_shock,calendar_recalibration,27,0.485404
peg_insertion,compound_shock,calendar_recalibration,28,0.475061
peg_insertion,compound_shock,calendar_recalibration,29,0.464950
peg_insertion,compound_shock,calendar_recalibration,30,0.637214
peg_insertion,compound_shock,calendar_recalibration,31,0.623367
peg_insertion,compound_shock,calendar_recalibration,32,0.523038
peg_insertion,compound_shock,calendar_recalibration,33,0.511725
peg_insertion,compound_shock,calendar_recalibration,34,0.500642
peg_insertion,compound_shock,calendar_recalibration,35,0.489785
peg_insertion,compound_shock,calendar_recalibration,36,0.479151
peg_insertion,compound_shock,calendar_recalibration,37,0.468735
peg_insertion,compound_shock,calendar_recalibration,38,0.458536
peg_insertion,compound_shock,calendar_recalibration,39,0.448548
peg_insertion,compound_shock,calendar_recalibration,40,0.438768
peg_insertion,compound_shock,calendar_recalibration,41,0.429193
peg_insertion,compound_shock,calendar_recalibration,42,0.419820
peg_insertion,compound_shock,calendar_recalibration,43,0.410644
peg_insertion,compound_shock,calendar_recalibration,44,0.401664
peg_insertion,compound_shock,calendar_recalibration,45,0.392875
peg_insertion,compound_shock,calendar_recalibration,46,0.384274
peg_insertion,compound_shock,calendar_recalibration,47,0.375858
peg_insertion,compound_shock,calendar_recalibration,48,0.367624
peg_insertion,compound_shock,calendar_recalibration,49,0.359568
peg_insertion,compound_shock,calendar_recalibration,50,0.351688
peg_insertion,compound_shock,calendar_recalibration,51,0.343979
peg_insertion,compound_shock,calendar_recalibration,52,0.336440
peg_insertion,compound_shock,calendar_recalibration,53,0.329067
peg_insertion,compound_shock,calendar_recalibration,54,0.321856
peg_insertion,compound_shock,calendar_recalibration,55,0.314806
peg_insertion,compound_shock,calendar_recalibration,56,0.307911
peg_insertion,compound_shock,calendar_recalibration,57,0.301171
peg_insertion,compound_shock,calendar_recalibration,58,0.294581
peg_insertion,compound_shock,calendar_recalibration,59,0.288138
peg_insertion,compound_shock,calendar_recalibration,60,0.412149
peg_insertion,compound_shock,calendar_recalibration,61,0.402996
peg_insertion,compound_shock,calendar_recalibration,62,0.394556
peg_insertion,compound_shock,calendar_recalibration,63,0.386297
peg_insertion,compound_shock,calendar_recalibration,64,0.378215
peg_insertion,compound_shock,calendar_recalibration,65,0.370306
peg_insertion,compound_shock,calendar_recalibration,66,0.362567
peg_insertion,compound_shock,calendar_recalibration,67,0.354996
peg_insertion,compound_shock,calendar_recalibration,68,0.347587
peg_insertion,compound_shock,calendar_recalibration,69,0.340338
peg_insertion,compound_shock,calendar_recalibration,70,0.333245
peg_insertion,compound_shock,calendar_recalibration,71,0.326305
peg_insertion,compound_shock,calendar_recalibration,72,0.319515
peg_insertion,compound_shock,calendar_recalibration,73,0.312871
peg_insertion,compound_shock,calendar_recalibration,74,0.306370
peg_insertion,compound_shock,calendar_recalibration,75,0.300009
peg_insertion,compound_shock,calendar_recalibration,76,0.293785
peg_insertion,compound_shock,calendar_recalibration,77,0.287694
peg_insertion,compound_shock,calendar_recalibration,78,0.281733
peg_insertion,compound_shock,calendar_recalibration,79,0.275900
peg_insertion,compound_shock,calendar_recalibration,80,0.270192
peg_insertion,compound_shock,calendar_recalibration,81,0.264604
peg_insertion,compound_shock,calendar_recalibration,82,0.259136
peg_insertion,compound_shock,calendar_recalibration,83,0.253783
peg_insertion,compound_shock,calendar_recalibration,84,0.248543
peg_insertion,compound_shock,calendar_recalibration,85,0.243413
peg_insertion,compound_shock,calendar_recalibration,86,0.238391
peg_insertion,compound_shock,calendar_recalibration,87,0.233474
peg_insertion,compound_shock,calendar_recalibration,88,0.141864
peg_insertion,compound_shock,calendar_recalibration,89,0.139061
peg_insertion,compound_shock,calendar_recalibration,90,0.229509
peg_insertion,compound_shock,calendar_recalibration,91,0.224617
peg_insertion,compound_shock,calendar_recalibration,92,0.219801
peg_insertion,compound_shock,calendar_recalibration,93,0.215062
peg_insertion,compound_shock,calendar_recalibration,94,0.210397
peg_insertion,compound_shock,calendar_recalibration,95,0.205806
peg_insertion,compound_shock,calendar_recalibration,96,0.201288
peg_insertion,compound_shock,calendar_recalibration,97,0.196843
peg_insertion,compound_shock,calendar_recalibration,98,0.192470
peg_insertion,compound_shock,calendar_recalibration,99,0.188167
peg_insertion,compound_shock,calendar_recalibration,100,0.183935
peg_insertion,compound_shock,calendar_recalibration,101,0.179772
peg_insertion,compound_shock,calendar_recalibration,102,0.175678
peg_insertion,compound_shock,calendar_recalibration,103,0.171652
peg_insertion,compound_shock,calendar_recalibration,104,0.167694
peg_insertion,compound_shock,calendar_recalibration,105,0.163802
peg_insertion,compound_shock,calendar_recalibration,106,0.159977
peg_insertion,compound_shock,calendar_recalibration,107,0.156217
peg_insertion,compound_shock,calendar_recalibration,108,0.152521
peg_insertion,compound_shock,calendar_recalibration,109,0.148891
peg_insertion,compound_shock,calendar_recalibration,110,0.145324
peg_insertion,compound_shock,calendar_recalibration,111,0.141820
peg_insertion,compound_shock,calendar_recalibration,112,0.138379
peg_insertion,compound_shock,calendar_recalibration,113,0.135000
peg_insertion,compound_shock,calendar_recalibration,114,0.131682
peg_insertion,compound_shock,calendar_recalibration,115,0.128426
peg_insertion,compound_shock,calendar_recalibration,116,0.125230
peg_insertion,compound_shock,calendar_recalibration,117,0.122094
peg_insertion,compound_shock,calendar_recalibration,118,0.119523
peg_insertion,compound_shock,calendar_recalibration,119,0.116988
peg_insertion,compound_shock,calendar_recalibration,120,0.181183
peg_insertion,compound_shock,calendar_recalibration,121,0.177190
peg_insertion,compound_shock,calendar_recalibration,122,0.173270
peg_insertion,compound_shock,calendar_recalibration,123,0.169423
peg_insertion,compound_shock,calendar_recalibration,124,0.165648
peg_insertion,compound_shock,calendar_recalibration,125,0.161945
peg_insertion,compound_shock,calendar_recalibration,126,0.158313
peg_insertion,compound_shock,calendar_recalibration,127,0.154751
peg_insertion,compound_shock,calendar_recalibration,128,0.151259
peg_insertion,compound_shock,calendar_recalibration,129,0.147837
peg_insertion,compound_shock,calendar_recalibration,130,0.144482
peg_insertion,compound_shock,calendar_recalibration,131,0.141196
peg_insertion,compound_shock,calendar_recalibration,132,0.137976
peg_insertion,compound_shock,calendar_recalibration,133,0.134822
peg_insertion,compound_shock,calendar_recalibration,134,0.131734
peg_insertion,compound_shock,calendar_recalibration,135,0.128710
peg_insertion,compound_shock,calendar_recalibration,136,0.125750
peg_insertion,compound_shock,calendar_recalibration,137,0.122853
peg_insertion,compound_shock,calendar_recalibration,138,0.120017
peg_insertion,compound_shock,calendar_recalibration,139,0.117242
peg_insertion,compound_shock,calendar_recalibration,140,0.114527
peg_insertion,compound_shock,calendar_recalibration,141,0.111870
peg_insertion,compound_shock,calendar_recalibration,142,0.109272
peg_insertion,compound_shock,calendar_recalibration,143,0.106730
peg_insertion,compound_shock,calendar_recalibration,144,0.104244
peg_insertion,compound_shock,calendar_recalibration,145,0.101813
peg_insertion,compound_shock,calendar_recalibration,146,0.099435
peg_insertion,compound_shock,calendar_recalibration,147,0.097109
peg_insertion,compound_shock,calendar_recalibration,148,0.094835
peg_insertion,compound_shock,calendar_recalibration,149,0.092611
peg_insertion,compound_shock,calendar_recalibration,150,0.051352
peg_insertion,compound_shock,calendar_recalibration,151,0.050039
peg_insertion,compound_shock,calendar_recalibration,152,0.048728
peg_insertion,compound_shock,calendar_recalibration,153,0.047418
peg_insertion,compound_shock,calendar_recalibration,154,0.046110
peg_insertion,compound_shock,calendar_recalibration,155,0.044806
peg_insertion,compound_shock,calendar_recalibration,156,0.043505
peg_insertion,compound_shock,calendar_recalibration,157,0.042209
peg_insertion,compound_shock,calendar_recalibration,158,0.040918
peg_insertion,compound_shock,calendar_recalibration,159,0.039633
peg_insertion,compound_shock,calendar_recalibration,160,0.038354
peg_insertion,compound_shock,calendar_recalibration,161,0.037081
peg_insertion,compound_shock,calendar_recalibration,162,0.035815
peg_insertion,compound_shock,calendar_recalibration,163,0.034555
peg_insertion,compound_shock,calendar_recalibration,164,0.033304
peg_insertion,compound_shock,calendar_recalibration,165,0.032060
peg_insertion,compound_shock,calendar_recalibration,166,0.030824
peg_insertion,compound_shock,calendar_recalibration,167,0.029596
peg_insertion,compound_shock,calendar_recalibration,168,0.028376
peg_insertion,compound_shock,calendar_recalibration,169,0.027165
peg_insertion,compound_shock,calendar_recalibration,170,0.025963
peg_insertion,compound_shock,calendar_recalibration,171,0.024769
peg_insertion,compound_shock,calendar_recalibration,172,0.023584
peg_insertion,compound_shock,calendar_recalibration,173,0.022409
peg_insertion,compound_shock,calendar_recalibration,174,0.021242
peg_insertion,compound_shock,calendar_recalibration,175,0.020085
peg_insertion,compound_shock,calendar_recalibration,176,0.018938
peg_insertion,compound_shock,calendar_recalibration,177,0.017800
peg_insertion,compound_shock,calendar_recalibration,178,0.016672
peg_insertion,compound_shock,calendar_recalibration,179,0.015554
peg_insertion,compound_shock,calendar_recalibration,180,0.049084
peg_insertion,compound_shock,calendar_recalibration,181,0.047684
peg_insertion,compound_shock,calendar_recalibration,182,0.046292
peg_insertion,compound_shock,calendar_recalibration,183,0.044908
peg_insertion,compound_shock,calendar_recalibration,184,0.043532
peg_insertion,compound_shock,calendar_recalibration,185,0.042165
peg_insertion,compound_shock,calendar_recalibration,186,0.040808
peg_insertion,compound_shock,calendar_recalibration,187,0.039462
peg_insertion,compound_shock,calendar_recalibration,188,0.038127
peg_insertion,compound_shock,calendar_recalibration,189,0.036803
peg_insertion,compound_shock,calendar_recalibration,190,0.035492
peg_insertion,compound_shock,calendar_recalibration,191,0.034193
peg_insertion,compound_shock,calendar_recalibration,192,0.032908
peg_insertion,compound_shock,calendar_recalibration,193,0.031636
peg_insertion,compound_shock,calendar_recalibration,194,0.030379
peg_insertion,compound_shock,calendar_recalibration,195,0.029136
peg_insertion,compound_shock,calendar_recalibration,196,0.027908
peg_insertion,compound_shock,calendar_recalibration,197,0.026696
peg_insertion,compound_shock,calendar_recalibration,198,0.025499
peg_insertion,compound_shock,calendar_recalibration,199,0.024319
peg_insertion,compound_shock,calendar_recalibration,200,0.023156
peg_insertion,compound_shock,calendar_recalibration,201,0.022009
peg_insertion,compound_shock,calendar_recalibration,202,0.020880
peg_insertion,compound_shock,calendar_recalibration,203,0.019768
peg_insertion,compound_shock,calendar_recalibration,204,0.018675
peg_insertion,compound_shock,calendar_recalibration,205,0.017599
peg_insertion,compound_shock,calendar_recalibration,206,0.016542
peg_insertion,compound_shock,calendar_recalibration,207,0.015503
peg_insertion,compound_shock,calendar_recalibration,208,0.014482
peg_insertion,compound_shock,calendar_recalibration,209,0.013481
peg_insertion,compound_shock,calendar_recalibration,210,0.036917
peg_insertion,compound_shock,calendar_recalibration,211,0.035392
peg_insertion,compound_shock,calendar_recalibration,212,0.033898
peg_insertion,compound_shock,calendar_recalibration,213,0.032437
peg_insertion,compound_shock,calendar_recalibration,214,0.031006
peg_insertion,compound_shock,calendar_recalibration,215,0.029607
peg_insertion,compound_shock,calendar_recalibration,216,0.028238
peg_insertion,compound_shock,calendar_recalibration,217,0.026900
peg_insertion,compound_shock,calendar_recalibration,218,0.010000
peg_insertion,compound_shock,calendar_recalibration,219,0.010000
peg_insertion,compound_shock,calendar_recalibration,220,0.010000
peg_insertion,compound_shock,calendar_recalibration,221,0.010000
peg_insertion,compound_shock,calendar_recalibration,222,0.010000
peg_insertion,compound_shock,calendar_recalibration,223,0.010000
peg_insertion,compound_shock,calendar_recalibration,224,0.010000
peg_insertion,compound_shock,calendar_recalibration,225,0.010000
peg_insertion,compound_shock,calendar_recalibration,226,0.010000
peg_insertion,compound_shock,calendar_recalibration,227,0.010000
peg_insertion,compound_shock,calendar_recalibration,228,0.010000
peg_insertion,compound_shock,calendar_recalibration,229,0.010000
peg_insertion,compound_shock,calendar_recalibration,230,0.010000
peg_insertion,compound_shock,calendar_recalibration,231,0.010000
peg_insertion,compound_shock,calendar_recalibration,232,0.010000
peg_insertion,compound_shock,calendar_recalibration,233,0.010000
peg_insertion,compound_shock,calendar_recalibration,234,0.010000
peg_insertion,compound_shock,calendar_recalibration,235,0.010000
peg_insertion,compound_shock,calendar_recalibration,236,0.010000
peg_insertion,compound_shock,calendar_recalibration,237,0.010000
peg_insertion,compound_shock,calendar_recalibration,238,0.010000
peg_insertion,compound_shock,calendar_recalibration,239,0.010000
peg_insertion,compound_shock,calendar_recalibration,240,0.010000
peg_insertion,compound_shock,sentinel_rehearsal,0,0.902905
peg_insertion,compound_shock,sentinel_rehearsal,1,0.890481
peg_insertion,compound_shock,sentinel_rehearsal,2,0.878226
peg_insertion,compound_shock,sentinel_rehearsal,3,0.866137
peg_insertion,compound_shock,sentinel_rehearsal,4,0.854213
peg_insertion,compound_shock,sentinel_rehearsal,5,0.842451
peg_insertion,compound_shock,sentinel_rehearsal,6,0.830848
peg_insertion,compound_shock,sentinel_rehearsal,7,0.819402
peg_insertion,compound_shock,sentinel_rehearsal,8,0.808111
peg_insertion,compound_shock,sentinel_rehearsal,9,0.796972
peg_insertion,compound_shock,sentinel_rehearsal,10,0.785985
peg_insertion,compound_shock,sentinel_rehearsal,11,0.775146
peg_insertion,compound_shock,sentinel_rehearsal,12,0.764455
peg_insertion,compound_shock,sentinel_rehearsal,13,0.753909
peg_insertion,compound_shock,sentinel_rehearsal,14,0.743507
peg_insertion,compound_shock,sentinel_rehearsal,15,0.733247
peg_insertion,compound_shock,sentinel_rehearsal,16,0.723128
peg_insertion,compound_shock,sentinel_rehearsal,17,0.713148
peg_insertion,compound_shock,sentinel_rehearsal,18,0.703305
peg_insertion,compound_shock,sentinel_rehearsal,19,0.693600
peg_insertion,compound_shock,sentinel_rehearsal,20,0.684029
peg_insertion,compound_shock,sentinel_rehearsal,21,0.674592
peg_insertion,compound_shock,sentinel_rehearsal,22,0.665288
peg_insertion,compound_shock,sentinel_rehearsal,23,0.656115
peg_insertion,compound_shock,sentinel_rehearsal,24,0.647073
peg_insertion,compound_shock,sentinel_rehearsal,25,0.638160
peg_insertion,compound_shock,sentinel_rehearsal,26,0.629375
peg_insertion,compound_shock,sentinel_rehearsal,27,0.620718
peg_insertion,compound_shock,sentinel_rehearsal,28,0.642330
peg_insertion,compound_shock,sentinel_rehearsal,29,0.633488
peg_insertion,compound_shock,sentinel_rehearsal,30,0.624775
peg_insertion,compound_shock,sentinel_rehearsal,31,0.616192
peg_insertion,compound_shock,sentinel_rehearsal,32,0.524739
peg_insertion,compound_shock,sentinel_rehearsal,33,0.518293
peg_insertion,compound_shock,sentinel_rehearsal,34,0.511902
peg_insertion,compound_shock,sentinel_rehearsal,35,0.505568
peg_insertion,compound_shock,sentinel_rehearsal,36,0.499292
peg_insertion,compound_shock,sentinel_rehearsal,37,0.493075
peg_insertion,compound_shock,sentinel_rehearsal,38,0.486918
peg_insertion,compound_shock,sentinel_rehearsal,39,0.480822
peg_insertion,compound_shock,sentinel_rehearsal,40,0.474788
peg_insertion,compound_shock,sentinel_rehearsal,41,0.468817
peg_insertion,compound_shock,sentinel_rehearsal,42,0.462908
peg_insertion,compound_shock,sentinel_rehearsal,43,0.457064
peg_insertion,compound_shock,sentinel_rehearsal,44,0.451283
peg_insertion,compound_shock,sentinel_rehearsal,45,0.445567
peg_insertion,compound_shock,sentinel_rehearsal,46,0.441494
peg_insertion,compound_shock,sentinel_rehearsal,47,0.437416
peg_insertion,compound_shock,sentinel_rehearsal,48,0.433336
peg_insertion,compound_shock,sentinel_rehearsal,49,0.429257
peg_insertion,compound_shock,sentinel_rehearsal,50,0.425182
peg_insertion,compound_shock,sentinel_rehearsal,51,0.421114
peg_insertion,compound_shock,sentinel_rehearsal,52,0.417053
peg_insertion,compound_shock,sentinel_rehearsal,53,0.413003
peg_insertion,compound_shock,sentinel_rehearsal,54,0.408965
peg_insertion,compound_shock,sentinel_rehearsal,55,0.404940
peg_insertion,compound_shock,sentinel_rehearsal,56,0.422044
peg_insertion,compound_shock,sentinel_rehearsal,57,0.417747
peg_insertion,compound_shock,sentinel_rehearsal,58,0.413472
peg_insertion,compound_shock,sentinel_rehearsal,59,0.409221
peg_insertion,compound_shock,sentinel_rehearsal,60,0.404994
peg_insertion,compound_shock,sentinel_rehearsal,61,0.400792
peg_insertion,compound_shock,sentinel_rehearsal,62,0.396616
peg_insertion,compound_shock,sentinel_rehearsal,63,0.392466
peg_insertion,compound_shock,sentinel_rehearsal,64,0.388343
peg_insertion,compound_shock,sentinel_rehearsal,65,0.384248
peg_insertion,compound_shock,sentinel_rehearsal,66,0.380180
peg_insertion,compound_shock,sentinel_rehearsal,67,0.376140
peg_insertion,compound_shock,sentinel_rehearsal,68,0.372128
peg_insertion,compound_shock,sentinel_rehearsal,69,0.368144
peg_insertion,compound_shock,sentinel_rehearsal,70,0.364189
peg_insertion,compound_shock,sentinel_rehearsal,71,0.360262
peg_insertion,compound_shock,sentinel_rehearsal,72,0.356364
peg_insertion,compound_shock,sentinel_rehearsal,73,0.352494
peg_insertion,compound_shock,sentinel_rehearsal,74,0.348653
peg_insertion,compound_shock,sentinel_rehearsal,75,0.344841
peg_insertion,compound_shock,sentinel_rehearsal,76,0.341057
peg_insertion,compound_shock,sentinel_rehearsal,77,0.337302
peg_insertion,compound_shock,sentinel_rehearsal,78,0.333575
peg_insertion,compound_shock,sentinel_rehearsal,79,0.329877
peg_insertion,compound_shock,sentinel_rehearsal,80,0.326207
peg_insertion,compound_shock,sentinel_rehearsal,81,0.322566
peg_insertion,compound_shock,sentinel_rehearsal,82,0.318953
peg_insertion,compound_shock,sentinel_rehearsal,83,0.315369
peg_insertion,compound_shock,sentinel_rehearsal,84,0.326601
peg_insertion,compound_shock,sentinel_rehearsal,85,0.322861
peg_insertion,compound_shock,sentinel_rehearsal,86,0.319153
peg_insertion,compound_shock,sentinel_rehearsal,87,0.315476
peg_insertion,compound_shock,sentinel_rehearsal,88,0.228834
peg_insertion,compound_shock,sentinel_rehearsal,89,0.227105
peg_insertion,compound_shock,sentinel_rehearsal,90,0.225338
peg_insertion,compound_shock,sentinel_rehearsal,91,0.223536
peg_insertion,compound_shock,sentinel_rehearsal,92,0.221701
peg_insertion,compound_shock,sentinel_rehearsal,93,0.219837
peg_insertion,compound_shock,sentinel_rehearsal,94,0.217945
peg_insertion,compound_shock,sentinel_rehearsal,95,0.216029
peg_insertion,compound_shock,sentinel_rehearsal,96,0.214090
peg_insertion,compound_shock,sentinel_rehearsal,97,0.212132
peg_insertion,compound_shock,sentinel_rehearsal,98,0.210156
peg_insertion,compound_shock,sentinel_rehearsal,99,0.208164
peg_insertion,compound_shock,sentinel_rehearsal,100,0.206160
peg_insertion,compound_shock,sentinel_rehearsal,101,0.204144
peg_insertion,compound_shock,sentinel_rehearsal,102,0.203698
peg_insertion,compound_shock,sentinel_rehearsal,103,0.203175
peg_insertion,compound_shock,sentinel_rehearsal,104,0.202581
peg_insertion,compound_shock,sentinel_rehearsal,105,0.201920
peg_insertion,compound_shock,sentinel_rehearsal,106,0.201196
peg_insertion,compound_shock,sentinel_rehearsal,107,0.200415
peg_insertion,compound_shock,sentinel_rehearsal,108,0.199581
peg_insertion,compound_shock,sentinel_rehearsal,109,0.198697
peg_insertion,compound_shock,sentinel_rehearsal,110,0.197768
peg_insertion,compound_shock,sentinel_rehearsal,111,0.196796
peg_insertion,compound_shock,sentinel_rehearsal,112,0.206143
peg_insertion,compound_shock,sentinel_rehearsal,113,0.204948
peg_insertion,compound_shock,sentinel_rehearsal,114,0.203724
peg_insertion,compound_shock,sentinel_rehearsal,115,0.202473
peg_insertion,compound_shock,sentinel_rehearsal,116,0.201198
peg_insertion,compound_shock,sentinel_rehearsal,117,0.199902
peg_insertion,compound_shock,sentinel_rehearsal,118,0.198588
peg_insertion,compound_shock,sentinel_rehearsal,119,0.197257
peg_insertion,compound_shock,sentinel_rehearsal,120,0.195912
peg_insertion,compound_shock,sentinel_rehearsal,121,0.194556
peg_insertion,compound_shock,sentinel_rehearsal,122,0.193190
peg_insertion,compound_shock,sentinel_rehearsal,123,0.191815
peg_insertion,compound_shock,sentinel_rehearsal,124,0.190435
peg_insertion,compound_shock,sentinel_rehearsal,125,0.189050
peg_insertion,compound_shock,sentinel_rehearsal,126,0.187662
peg_insertion,compound_shock,sentinel_rehearsal,127,0.186272
peg_insertion,compound_shock,sentinel_rehearsal,128,0.184882
peg_insertion,compound_shock,sentinel_rehearsal,129,0.183492
peg_insertion,compound_shock,sentinel_rehearsal,130,0.182104
peg_insertion,compound_shock,sentinel_rehearsal,131,0.180719
peg_insertion,compound_shock,sentinel_rehearsal,132,0.179337
peg_insertion,compound_shock,sentinel_rehearsal,133,0.177960
peg_insertion,compound_shock,sentinel_rehearsal,134,0.176587
peg_insertion,compound_shock,sentinel_rehearsal,135,0.175220
peg_insertion,compound_shock,sentinel_rehearsal,136,0.173858
peg_insertion,compound_shock,sentinel_rehearsal,137,0.172503
peg_insertion,compound_shock,sentinel_rehearsal,138,0.171155
peg_insertion,compound_shock,sentinel_rehearsal,139,0.169814
peg_insertion,compound_shock,sentinel_rehearsal,140,0.175733
peg_insertion,compound_shock,sentinel_rehearsal,141,0.174302
peg_insertion,compound_shock,sentinel_rehearsal,142,0.172879
peg_insertion,compound_shock,sentinel_rehearsal,143,0.171465
peg_insertion,compound_shock,sentinel_rehearsal,144,0.170061
peg_insertion,compound_shock,sentinel_rehearsal,145,0.168665
peg_insertion,compound_shock,sentinel_rehearsal,146,0.167278
peg_insertion,compound_shock,sentinel_rehearsal,147,0.165900
peg_insertion,compound_shock,sentinel_rehearsal,148,0.164530
peg_insertion,compound_shock,sentinel_rehearsal,149,0.163169
peg_insertion,compound_shock,sentinel_rehearsal,150,0.078818
peg_insertion,compound_shock,sentinel_rehearsal,151,0.079356
peg_insertion,compound_shock,sentinel_rehearsal,152,0.079832
peg_insertion,compound_shock,sentinel_rehearsal,153,0.080248
peg_insertion,compound_shock,sentinel_rehearsal,154,0.080607
peg_insertion,compound_shock,sentinel_rehearsal,155,0.080910
peg_insertion,compound_shock,sentinel_rehearsal,156,0.081161
peg_insertion,compound_shock,sentinel_rehearsal,157,0.081360
peg_insertion,compound_shock,sentinel_rehearsal,158,0.081510
peg_insertion,compound_shock,sentinel_rehearsal,159,0.081612
peg_insertion,compound_shock,sentinel_rehearsal,160,0.081670
peg_insertion,compound_shock,sentinel_rehearsal,161,0.081684
peg_insertion,compound_shock,sentinel_rehearsal,162,0.081657
peg_insertion,compound_shock,sentinel_rehearsal,163,0.081589
peg_insertion,compound_shock,sentinel_rehearsal,164,0.083063
peg_insertion,compound_shock,sentinel_rehearsal,165,0.084429
peg_insertion,compound_shock,sentinel_rehearsal,166,0.085695
peg_insertion,compound_shock,sentinel_rehearsal,167,0.086864
peg_insertion,compound_shock,sentinel_rehearsal,168,0.093020
peg_insertion,compound_shock,sentinel_rehearsal,169,0.093935
peg_insertion,compound_shock,sentinel_rehearsal,170,0.094766
peg_insertion,compound_shock,sentinel_rehearsal,171,0.095518
peg_insertion,compound_shock,sentinel_rehearsal,172,0.096194
peg_insertion,compound_shock,sentinel_rehearsal,173,0.096798
peg_insertion,compound_shock,sentinel_rehearsal,174,0.097334
peg_insertion,compound_shock,sentinel_rehearsal,175,0.097804
peg_insertion,compound_shock,sentinel_rehearsal,176,0.098213
peg_insertion,compound_shock,sentinel_rehearsal,177,0.098564
peg_insertion,compound_shock,sentinel_rehearsal,178,0.098859
peg_insertion,compound_shock,sentinel_rehearsal,179,0.099102
peg_insertion,compound_shock,sentinel_rehearsal,180,0.099295
peg_insertion,compound_shock,sentinel_rehearsal,181,0.099441
peg_insertion,compound_shock,sentinel_rehearsal,182,0.099543
peg_insertion,compound_shock,sentinel_rehearsal,183,0.099604
peg_insertion,compound_shock,sentinel_rehearsal,184,0.099626
peg_insertion,compound_shock,sentinel_rehearsal,185,0.099611
peg_insertion,compound_shock,sentinel_rehearsal,186,0.099563
peg_insertion,compound_shock,sentinel_rehearsal,187,0.099482
peg_insertion,compound_shock,sentinel_rehearsal,188,0.099372
peg_insertion,compound_shock,sentinel_rehearsal,189,0.099235
peg_insertion,compound_shock,sentinel_rehearsal,190,0.099072
peg_insertion,compound_shock,sentinel_rehearsal,191,0.098885
peg_insertion,compound_shock,sentinel_rehearsal,192,0.098677
peg_insertion,compound_shock,sentinel_rehearsal,193,0.098449
peg_insertion,compound_shock,sentinel_rehearsal,194,0.098203
peg_insertion,compound_shock,sentinel_rehearsal,195,0.097941
peg_insertion,compound_shock,sentinel_rehearsal,196,0.101221
peg_insertion,compound_shock,sentinel_rehearsal,197,0.100879
peg_insertion,compound_shock,sentinel_rehearsal,198,0.100525
peg_insertion,compound_shock,sentinel_rehearsal,199,0.100162
peg_insertion,compound_shock,sentinel_rehearsal,200,0.099789
peg_insertion,compound_shock,sentinel_rehearsal,201,0.099409
peg_insertion,compound_shock,sentinel_rehearsal,202,0.099023
peg_insertion,compound_shock,sentinel_rehearsal,203,0.098630
peg_insertion,compound_shock,sentinel_rehearsal,204,0.098234
peg_insertion,compound_shock,sentinel_rehearsal,205,0.097833
peg_insertion,compound_shock,sentinel_rehearsal,206,0.097430
peg_insertion,compound_shock,sentinel_rehearsal,207,0.097025
peg_insertion,compound_shock,sentinel_rehearsal,208,0.096618
peg_insertion,compound_shock,sentinel_rehearsal,209,0.096210
peg_insertion,compound_shock,sentinel_rehearsal,210,0.095802
peg_insertion,compound_shock,sentinel_rehearsal,211,0.095394
peg_insertion,compound_shock,sentinel_rehearsal,212,0.094986
peg_insertion,compound_shock,sentinel_rehearsal,213,0.094579
peg_insertion,compound_shock,sentinel_rehearsal,214,0.094174
peg_insertion,compound_shock,sentinel_rehearsal,215,0.093770
peg_insertion,compound_shock,sentinel_rehearsal,216,0.093367
peg_insertion,compound_shock,sentinel_rehearsal,217,0.092967
peg_insertion,compound_shock,sentinel_rehearsal,218,0.010000
peg_insertion,compound_shock,sentinel_rehearsal,219,0.011056
peg_insertion,compound_shock,sentinel_rehearsal,220,0.012474
peg_insertion,compound_shock,sentinel_rehearsal,221,0.013827
peg_insertion,compound_shock,sentinel_rehearsal,222,0.015116
peg_insertion,compound_shock,sentinel_rehearsal,223,0.016344
peg_insertion,compound_shock,sentinel_rehearsal,224,0.020007
peg_insertion,compound_shock,sentinel_rehearsal,225,0.021084
peg_insertion,compound_shock,sentinel_rehearsal,226,0.022108
peg_insertion,compound_shock,sentinel_rehearsal,227,0.023080
peg_insertion,compound_shock,sentinel_rehearsal,228,0.024001
peg_insertion,compound_shock,sentinel_rehearsal,229,0.024874
peg_insertion,compound_shock,sentinel_rehearsal,230,0.025701
peg_insertion,compound_shock,sentinel_rehearsal,231,0.026482
peg_insertion,compound_shock,sentinel_rehearsal,232,0.028798
peg_insertion,compound_shock,sentinel_rehearsal,233,0.031002
peg_insertion,compound_shock,sentinel_rehearsal,234,0.033099
peg_insertion,compound_shock,sentinel_rehearsal,235,0.035094
peg_insertion,compound_shock,sentinel_rehearsal,236,0.036989
peg_insertion,compound_shock,sentinel_rehearsal,237,0.038789
peg_insertion,compound_shock,sentinel_rehearsal,238,0.040498
peg_insertion,compound_shock,sentinel_rehearsal,239,0.042119
peg_insertion,compound_shock,sentinel_rehearsal,240,0.043656
peg_insertion,compound_shock,uncertainty_rehearsal,0,0.889930
peg_insertion,compound_shock,uncertainty_rehearsal,1,0.879492
peg_insertion,compound_shock,uncertainty_rehearsal,2,0.869176
peg_insertion,compound_shock,uncertainty_rehearsal,3,0.858979
peg_insertion,compound_shock,uncertainty_rehearsal,4,0.848900
peg_insertion,compound_shock,uncertainty_rehearsal,5,0.838938
peg_insertion,compound_shock,uncertainty_rehearsal,6,0.829091
peg_insertion,compound_shock,uncertainty_rehearsal,7,0.819357
peg_insertion,compound_shock,uncertainty_rehearsal,8,0.809734
peg_insertion,compound_shock,uncertainty_rehearsal,9,0.800222
peg_insertion,compound_shock,uncertainty_rehearsal,10,0.790819
peg_insertion,compound_shock,uncertainty_rehearsal,11,0.781524
peg_insertion,compound_shock,uncertainty_rehearsal,12,0.772335
peg_insertion,compound_shock,uncertainty_rehearsal,13,0.763253
peg_insertion,compound_shock,uncertainty_rehearsal,14,0.754275
peg_insertion,compound_shock,uncertainty_rehearsal,15,0.745401
peg_insertion,compound_shock,uncertainty_rehearsal,16,0.736630
peg_insertion,compound_shock,uncertainty_rehearsal,17,0.727961
peg_insertion,compound_shock,uncertainty_rehearsal,18,0.719394
peg_insertion,compound_shock,uncertainty_rehearsal,19,0.710928
peg_insertion,compound_shock,uncertainty_rehearsal,20,0.746288
peg_insertion,compound_shock,uncertainty_rehearsal,21,0.737468
peg_insertion,compound_shock,uncertainty_rehearsal,22,0.728754
peg_insertion,compound_shock,uncertainty_rehearsal,23,0.720146
peg_insertion,compound_shock,uncertainty_rehearsal,24,0.711644
peg_insertion,compound_shock,uncertainty_rehearsal,25,0.703246
peg_insertion,compound_shock,uncertainty_rehearsal,26,0.694952
peg_insertion,compound_shock,uncertainty_rehearsal,27,0.686762
peg_insertion,compound_shock,uncertainty_rehearsal,28,0.678675
peg_insertion,compound_shock,uncertainty_rehearsal,29,0.670691
peg_insertion,compound_shock,uncertainty_rehearsal,30,0.662809
peg_insertion,compound_shock,uncertainty_rehearsal,31,0.655029
peg_insertion,compound_shock,uncertainty_rehearsal,32,0.579268
peg_insertion,compound_shock,uncertainty_rehearsal,33,0.573253
peg_insertion,compound_shock,uncertainty_rehearsal,34,0.567281
peg_insertion,compound_shock,uncertainty_rehearsal,35,0.561353
peg_insertion,compound_shock,uncertainty_rehearsal,36,0.555470
peg_insertion,compound_shock,uncertainty_rehearsal,37,0.549633
peg_insertion,compound_shock,uncertainty_rehearsal,38,0.543844
peg_insertion,compound_shock,uncertainty_rehearsal,39,0.538104
peg_insertion,compound_shock,uncertainty_rehearsal,40,0.568600
peg_insertion,compound_shock,uncertainty_rehearsal,41,0.562503
peg_insertion,compound_shock,uncertainty_rehearsal,42,0.558194
peg_insertion,compound_shock,uncertainty_rehearsal,43,0.553867
peg_insertion,compound_shock,uncertainty_rehearsal,44,0.549526
peg_insertion,compound_shock,uncertainty_rehearsal,45,0.545175
peg_insertion,compound_shock,uncertainty_rehearsal,46,0.540817
peg_insertion,compound_shock,uncertainty_rehearsal,47,0.536457
peg_insertion,compound_shock,uncertainty_rehearsal,48,0.532095
peg_insertion,compound_shock,uncertainty_rehearsal,49,0.527737
peg_insertion,compound_shock,uncertainty_rehearsal,50,0.523383
peg_insertion,compound_shock,uncertainty_rehearsal,51,0.519036
peg_insertion,compound_shock,uncertainty_rehearsal,52,0.514699
peg_insertion,compound_shock,uncertainty_rehearsal,53,0.510373
peg_insertion,compound_shock,uncertainty_rehearsal,54,0.506061
peg_insertion,compound_shock,uncertainty_rehearsal,55,0.501763
peg_insertion,compound_shock,uncertainty_rehearsal,56,0.497481
peg_insertion,compound_shock,uncertainty_rehearsal,57,0.493217
peg_insertion,compound_shock,uncertainty_rehearsal,58,0.488971
peg_insertion,compound_shock,uncertainty_rehearsal,59,0.484746
peg_insertion,compound_shock,uncertainty_rehearsal,60,0.510487
peg_insertion,compound_shock,uncertainty_rehearsal,61,0.505924
peg_insertion,compound_shock,uncertainty_rehearsal,62,0.501387
peg_insertion,compound_shock,uncertainty_rehearsal,63,0.496879
peg_insertion,compound_shock,uncertainty_rehearsal,64,0.492397
peg_insertion,compound_shock,uncertainty_rehearsal,65,0.487944
peg_insertion,compound_shock,uncertainty_rehearsal,66,0.483520
peg_insertion,compound_shock,uncertainty_rehearsal,67,0.479124
peg_insertion,compound_shock,uncertainty_rehearsal,68,0.474756
peg_insertion,compound_shock,uncertainty_rehearsal,69,0.470417
peg_insertion,compound_shock,uncertainty_rehearsal,70,0.466108
peg_insertion,compound_shock,uncertainty_rehearsal,71,0.461826
peg_insertion,compound_shock,uncertainty_rehearsal,72,0.457574
peg_insertion,compound_shock,uncertainty_rehearsal,73,0.453350
peg_insertion,compound_shock,uncertainty_rehearsal,74,0.449154
peg_insertion,compound_shock,uncertainty_rehearsal,75,0.444987
peg_insertion,compound_shock,uncertainty_rehearsal,76,0.440848
peg_insertion,compound_shock,uncertainty_rehearsal,77,0.436737
peg_insertion,compound_shock,uncertainty_rehearsal,78,0.432655
peg_insertion,compound_shock,uncertainty_rehearsal,79,0.428600
peg_insertion,compound_shock,uncertainty_rehearsal,80,0.449355
peg_insertion,compound_shock,uncertainty_rehearsal,81,0.445041
peg_insertion,compound_shock,uncertainty_rehearsal,82,0.440759
peg_insertion,compound_shock,uncertainty_rehearsal,83,0.436508
peg_insertion,compound_shock,uncertainty_rehearsal,84,0.432289
peg_insertion,compound_shock,uncertainty_rehearsal,85,0.428101
peg_insertion,compound_shock,uncertainty_rehearsal,86,0.423944
peg_insertion,compound_shock,uncertainty_rehearsal,87,0.419818
peg_insertion,compound_shock,uncertainty_rehearsal,88,0.347641
peg_insertion,compound_shock,uncertainty_rehearsal,89,0.345141
peg_insertion,compound_shock,uncertainty_rehearsal,90,0.342615
peg_insertion,compound_shock,uncertainty_rehearsal,91,0.340063
peg_insertion,compound_shock,uncertainty_rehearsal,92,0.337490
peg_insertion,compound_shock,uncertainty_rehearsal,93,0.334896
peg_insertion,compound_shock,uncertainty_rehearsal,94,0.332284
peg_insertion,compound_shock,uncertainty_rehearsal,95,0.329657
peg_insertion,compound_shock,uncertainty_rehearsal,96,0.327015
peg_insertion,compound_shock,uncertainty_rehearsal,97,0.324362
peg_insertion,compound_shock,uncertainty_rehearsal,98,0.323428
peg_insertion,compound_shock,uncertainty_rehearsal,99,0.322410
peg_insertion,compound_shock,uncertainty_rehearsal,100,0.341823
peg_insertion,compound_shock,uncertainty_rehearsal,101,0.340393
peg_insertion,compound_shock,uncertainty_rehearsal,102,0.338898
peg_insertion,compound_shock,uncertainty_rehearsal,103,0.337341
peg_insertion,compound_shock,uncertainty_rehearsal,104,0.335728
peg_insertion,compound_shock,uncertainty_rehearsal,105,0.334063
peg_insertion,compound_shock,uncertainty_rehearsal,106,0.332351
peg_insertion,compound_shock,uncertainty_rehearsal,107,0.330594
peg_insertion,compound_shock,uncertainty_rehearsal,108,0.328797
peg_insertion,compound_shock,uncertainty_rehearsal,109,0.326964
peg_insertion,compound_shock,uncertainty_rehearsal,110,0.325098
peg_insertion,compound_shock,uncertainty_rehearsal,111,0.323203
peg_insertion,compound_shock,uncertainty_rehearsal,112,0.321281
peg_insertion,compound_shock,uncertainty_rehearsal,113,0.319337
peg_insertion,compound_shock,uncertainty_rehearsal,114,0.317372
peg_insertion,compound_shock,uncertainty_rehearsal,115,0.315390
peg_insertion,compound_shock,uncertainty_rehearsal,116,0.313393
peg_insertion,compound_shock,uncertainty_rehearsal,117,0.311384
peg_insertion,compound_shock,uncertainty_rehearsal,118,0.309365
peg_insertion,compound_shock,uncertainty_rehearsal,119,0.307339
peg_insertion,compound_shock,uncertainty_rehearsal,120,0.322281
peg_insertion,compound_shock,uncertainty_rehearsal,121,0.320031
peg_insertion,compound_shock,uncertainty_rehearsal,122,0.317782
peg_insertion,compound_shock,uncertainty_rehearsal,123,0.315537
peg_insertion,compound_shock,uncertainty_rehearsal,124,0.313296
peg_insertion,compound_shock,uncertainty_rehearsal,125,0.311061
peg_insertion,compound_shock,uncertainty_rehearsal,126,0.308834
peg_insertion,compound_shock,uncertainty_rehearsal,127,0.306615
peg_insertion,compound_shock,uncertainty_rehearsal,128,0.304407
peg_insertion,compound_shock,uncertainty_rehearsal,129,0.302209
peg_insertion,compound_shock,uncertainty_rehearsal,130,0.300023
peg_insertion,compound_shock,uncertainty_rehearsal,131,0.297850
peg_insertion,compound_shock,uncertainty_rehearsal,132,0.295691
peg_insertion,compound_shock,uncertainty_rehearsal,133,0.293545
peg_insertion,compound_shock,uncertainty_rehearsal,134,0.291414
peg_insertion,compound_shock,uncertainty_rehearsal,135,0.289298
peg_insertion,compound_shock,uncertainty_rehearsal,136,0.287197
peg_insertion,compound_shock,uncertainty_rehearsal,137,0.285112
peg_insertion,compound_shock,uncertainty_rehearsal,138,0.283043
peg_insertion,compound_shock,uncertainty_rehearsal,139,0.280990
peg_insertion,compound_shock,uncertainty_rehearsal,140,0.293000
peg_insertion,compound_shock,uncertainty_rehearsal,141,0.290802
peg_insertion,compound_shock,uncertainty_rehearsal,142,0.288621
peg_insertion,compound_shock,uncertainty_rehearsal,143,0.286460
peg_insertion,compound_shock,uncertainty_rehearsal,144,0.284316
peg_insertion,compound_shock,uncertainty_rehearsal,145,0.282190
peg_insertion,compound_shock,uncertainty_rehearsal,146,0.280082
peg_insertion,compound_shock,uncertainty_rehearsal,147,0.277991
peg_insertion,compound_shock,uncertainty_rehearsal,148,0.275918
peg_insertion,compound_shock,uncertainty_rehearsal,149,0.273861
peg_insertion,compound_shock,uncertainty_rehearsal,150,0.203738
peg_insertion,compound_shock,uncertainty_rehearsal,151,0.203277
peg_insertion,compound_shock,uncertainty_rehearsal,152,0.202774
peg_insertion,compound_shock,uncertainty_rehearsal,153,0.202230
peg_insertion,compound_shock,uncertainty_rehearsal,154,0.201647
peg_insertion,compound_shock,uncertainty_rehearsal,155,0.201027
peg_insertion,compound_shock,uncertainty_rehearsal,156,0.200370
peg_insertion,compound_shock,uncertainty_rehearsal,157,0.199680
peg_insertion,compound_shock,uncertainty_rehearsal,158,0.198956
peg_insertion,compound_shock,uncertainty_rehearsal,159,0.198201
peg_insertion,compound_shock,uncertainty_rehearsal,160,0.210770
peg_insertion,compound_shock,uncertainty_rehearsal,161,0.211463
peg_insertion,compound_shock,uncertainty_rehearsal,162,0.212056
peg_insertion,compound_shock,uncertainty_rehearsal,163,0.212556
peg_insertion,compound_shock,uncertainty_rehearsal,164,0.212966
peg_insertion,compound_shock,uncertainty_rehearsal,165,0.213291
peg_insertion,compound_shock,uncertainty_rehearsal,166,0.213533
peg_insertion,compound_shock,uncertainty_rehearsal,167,0.213698
peg_insertion,compound_shock,uncertainty_rehearsal,168,0.213788
peg_insertion,compound_shock,uncertainty_rehearsal,169,0.213808
peg_insertion,compound_shock,uncertainty_rehearsal,170,0.213761
peg_insertion,compound_shock,uncertainty_rehearsal,171,0.213649
peg_insertion,compound_shock,uncertainty_rehearsal,172,0.213477
peg_insertion,compound_shock,uncertainty_rehearsal,173,0.213248
peg_insertion,compound_shock,uncertainty_rehearsal,174,0.212964
peg_insertion,compound_shock,uncertainty_rehearsal,175,0.212628
peg_insertion,compound_shock,uncertainty_rehearsal,176,0.212244
peg_insertion,compound_shock,uncertainty_rehearsal,177,0.211813
peg_insertion,compound_shock,uncertainty_rehearsal,178,0.211339
peg_insertion,compound_shock,uncertainty_rehearsal,179,0.210825
peg_insertion,compound_shock,uncertainty_rehearsal,180,0.219892
peg_insertion,compound_shock,uncertainty_rehearsal,181,0.219182
peg_insertion,compound_shock,uncertainty_rehearsal,182,0.218440
peg_insertion,compound_shock,uncertainty_rehearsal,183,0.217668
peg_insertion,compound_shock,uncertainty_rehearsal,184,0.216870
peg_insertion,compound_shock,uncertainty_rehearsal,185,0.216046
peg_insertion,compound_shock,uncertainty_rehearsal,186,0.215199
peg_insertion,compound_shock,uncertainty_rehearsal,187,0.214331
peg_insertion,compound_shock,uncertainty_rehearsal,188,0.213444
peg_insertion,compound_shock,uncertainty_rehearsal,189,0.212540
peg_insertion,compound_shock,uncertainty_rehearsal,190,0.211621
peg_insertion,compound_shock,uncertainty_rehearsal,191,0.210688
peg_insertion,compound_shock,uncertainty_rehearsal,192,0.209743
peg_insertion,compound_shock,uncertainty_rehearsal,193,0.208788
peg_insertion,compound_shock,uncertainty_rehearsal,194,0.207825
peg_insertion,compound_shock,uncertainty_rehearsal,195,0.206854
peg_insertion,compound_shock,uncertainty_rehearsal,196,0.205878
peg_insertion,compound_shock,uncertainty_rehearsal,197,0.204897
peg_insertion,compound_shock,uncertainty_rehearsal,198,0.203913
peg_insertion,compound_shock,uncertainty_rehearsal,199,0.202928
peg_insertion,compound_shock,uncertainty_rehearsal,200,0.209903
peg_insertion,compound_shock,uncertainty_rehearsal,201,0.208816
peg_insertion,compound_shock,uncertainty_rehearsal,202,0.207732
peg_insertion,compound_shock,uncertainty_rehearsal,203,0.206651
peg_insertion,compound_shock,uncertainty_rehearsal,204,0.205575
peg_insertion,compound_shock,uncertainty_rehearsal,205,0.204504
peg_insertion,compound_shock,uncertainty_rehearsal,206,0.203439
peg_insertion,compound_shock,uncertainty_rehearsal,207,0.202381
peg_insertion,compound_shock,uncertainty_rehearsal,208,0.201330
peg_insertion,compound_shock,uncertainty_rehearsal,209,0.200287
peg_insertion,compound_shock,uncertainty_rehearsal,210,0.199252
peg_insertion,compound_shock,uncertainty_rehearsal,211,0.198226
peg_insertion,compound_shock,uncertainty_rehearsal,212,0.197208
peg_insertion,compound_shock,uncertainty_rehearsal,213,0.196200
peg_insertion,compound_shock,uncertainty_rehearsal,214,0.195202
peg_insertion,compound_shock,uncertainty_rehearsal,215,0.194213
peg_insertion,compound_shock,uncertainty_rehearsal,216,0.193234
peg_insertion,compound_shock,uncertainty_rehearsal,217,0.192264
peg_insertion,compound_shock,uncertainty_rehearsal,218,0.123222
peg_insertion,compound_shock,uncertainty_rehearsal,219,0.123836
peg_insertion,compound_shock,uncertainty_rehearsal,220,0.130990
peg_insertion,compound_shock,uncertainty_rehearsal,221,0.131426
peg_insertion,compound_shock,uncertainty_rehearsal,222,0.131818
peg_insertion,compound_shock,uncertainty_rehearsal,223,0.132169
peg_insertion,compound_shock,uncertainty_rehearsal,224,0.132479
peg_insertion,compound_shock,uncertainty_rehearsal,225,0.132752
peg_insertion,compound_shock,uncertainty_rehearsal,226,0.132987
peg_insertion,compound_shock,uncertainty_rehearsal,227,0.133187
peg_insertion,compound_shock,uncertainty_rehearsal,228,0.135083
peg_insertion,compound_shock,uncertainty_rehearsal,229,0.136870
peg_insertion,compound_shock,uncertainty_rehearsal,230,0.138553
peg_insertion,compound_shock,uncertainty_rehearsal,231,0.140135
peg_insertion,compound_shock,uncertainty_rehearsal,232,0.141622
peg_insertion,compound_shock,uncertainty_rehearsal,233,0.143017
peg_insertion,compound_shock,uncertainty_rehearsal,234,0.144324
peg_insertion,compound_shock,uncertainty_rehearsal,235,0.145547
peg_insertion,compound_shock,uncertainty_rehearsal,236,0.146688
peg_insertion,compound_shock,uncertainty_rehearsal,237,0.147752
peg_insertion,compound_shock,uncertainty_rehearsal,238,0.148740
peg_insertion,compound_shock,uncertainty_rehearsal,239,0.149658
peg_insertion,compound_shock,uncertainty_rehearsal,240,0.155959
peg_insertion,compound_shock,overfit_rapid_adaptation,0,0.905690
peg_insertion,compound_shock,overfit_rapid_adaptation,1,0.896485
peg_insertion,compound_shock,overfit_rapid_adaptation,2,0.887378
peg_insertion,compound_shock,overfit_rapid_adaptation,3,0.878366
peg_insertion,compound_shock,overfit_rapid_adaptation,4,0.869448
peg_insertion,compound_shock,overfit_rapid_adaptation,5,0.860622
peg_insertion,compound_shock,overfit_rapid_adaptation,6,0.851887
peg_insertion,compound_shock,overfit_rapid_adaptation,7,0.843240
peg_insertion,compound_shock,overfit_rapid_adaptation,8,0.834679
peg_insertion,compound_shock,overfit_rapid_adaptation,9,0.826204
peg_insertion,compound_shock,overfit_rapid_adaptation,10,0.817812
peg_insertion,compound_shock,overfit_rapid_adaptation,11,0.809503
peg_insertion,compound_shock,overfit_rapid_adaptation,12,0.801274
peg_insertion,compound_shock,overfit_rapid_adaptation,13,0.793124
peg_insertion,compound_shock,overfit_rapid_adaptation,14,0.785053
peg_insertion,compound_shock,overfit_rapid_adaptation,15,0.777060
peg_insertion,compound_shock,overfit_rapid_adaptation,16,0.769142
peg_insertion,compound_shock,overfit_rapid_adaptation,17,0.761299
peg_insertion,compound_shock,overfit_rapid_adaptation,18,0.753530
peg_insertion,compound_shock,overfit_rapid_adaptation,19,0.745835
peg_insertion,compound_shock,overfit_rapid_adaptation,20,0.738212
peg_insertion,compound_shock,overfit_rapid_adaptation,21,0.730662
peg_insertion,compound_shock,overfit_rapid_adaptation,22,0.723183
peg_insertion,compound_shock,overfit_rapid_adaptation,23,0.715774
peg_insertion,compound_shock,overfit_rapid_adaptation,24,0.708436
peg_insertion,compound_shock,overfit_rapid_adaptation,25,0.701169
peg_insertion,compound_shock,overfit_rapid_adaptation,26,0.693971
peg_insertion,compound_shock,overfit_rapid_adaptation,27,0.686842
peg_insertion,compound_shock,overfit_rapid_adaptation,28,0.679783
peg_insertion,compound_shock,overfit_rapid_adaptation,29,0.672793
peg_insertion,compound_shock,overfit_rapid_adaptation,30,0.665872
peg_insertion,compound_shock,overfit_rapid_adaptation,31,0.659020
peg_insertion,compound_shock,overfit_rapid_adaptation,32,0.576355
peg_insertion,compound_shock,overfit_rapid_adaptation,33,0.571363
peg_insertion,compound_shock,overfit_rapid_adaptation,34,0.566375
peg_insertion,compound_shock,overfit_rapid_adaptation,35,0.561395
peg_insertion,compound_shock,overfit_rapid_adaptation,36,0.556425
peg_insertion,compound_shock,overfit_rapid_adaptation,37,0.551466
peg_insertion,compound_shock,overfit_rapid_adaptation,38,0.546522
peg_insertion,compound_shock,overfit_rapid_adaptation,39,0.541595
peg_insertion,compound_shock,overfit_rapid_adaptation,40,0.538723
peg_insertion,compound_shock,overfit_rapid_adaptation,41,0.535782
peg_insertion,compound_shock,overfit_rapid_adaptation,42,0.532778
peg_insertion,compound_shock,overfit_rapid_adaptation,43,0.529716
peg_insertion,compound_shock,overfit_rapid_adaptation,44,0.526602
peg_insertion,compound_shock,overfit_rapid_adaptation,45,0.523440
peg_insertion,compound_shock,overfit_rapid_adaptation,46,0.520236
peg_insertion,compound_shock,overfit_rapid_adaptation,47,0.516993
peg_insertion,compound_shock,overfit_rapid_adaptation,48,0.513718
peg_insertion,compound_shock,overfit_rapid_adaptation,49,0.510413
peg_insertion,compound_shock,overfit_rapid_adaptation,50,0.507082
peg_insertion,compound_shock,overfit_rapid_adaptation,51,0.503730
peg_insertion,compound_shock,overfit_rapid_adaptation,52,0.500359
peg_insertion,compound_shock,overfit_rapid_adaptation,53,0.496973
peg_insertion,compound_shock,overfit_rapid_adaptation,54,0.493576
peg_insertion,compound_shock,overfit_rapid_adaptation,55,0.490169
peg_insertion,compound_shock,overfit_rapid_adaptation,56,0.486155
peg_insertion,compound_shock,overfit_rapid_adaptation,57,0.482137
peg_insertion,compound_shock,overfit_rapid_adaptation,58,0.478117
peg_insertion,compound_shock,overfit_rapid_adaptation,59,0.474098
peg_insertion,compound_shock,overfit_rapid_adaptation,60,0.470081
peg_insertion,compound_shock,overfit_rapid_adaptation,61,0.466069
peg_insertion,compound_shock,overfit_rapid_adaptation,62,0.462062
peg_insertion,compound_shock,overfit_rapid_adaptation,63,0.458063
peg_insertion,compound_shock,overfit_rapid_adaptation,64,0.454072
peg_insertion,compound_shock,overfit_rapid_adaptation,65,0.450092
peg_insertion,compound_shock,overfit_rapid_adaptation,66,0.446122
peg_insertion,compound_shock,overfit_rapid_adaptation,67,0.442164
peg_insertion,compound_shock,overfit_rapid_adaptation,68,0.438219
peg_insertion,compound_shock,overfit_rapid_adaptation,69,0.434287
peg_insertion,compound_shock,overfit_rapid_adaptation,70,0.430369
peg_insertion,compound_shock,overfit_rapid_adaptation,71,0.426465
peg_insertion,compound_shock,overfit_rapid_adaptation,72,0.422577
peg_insertion,compound_shock,overfit_rapid_adaptation,73,0.418703
peg_insertion,compound_shock,overfit_rapid_adaptation,74,0.414845
peg_insertion,compound_shock,overfit_rapid_adaptation,75,0.411003
peg_insertion,compound_shock,overfit_rapid_adaptation,76,0.407176
peg_insertion,compound_shock,overfit_rapid_adaptation,77,0.403365
peg_insertion,compound_shock,overfit_rapid_adaptation,78,0.399569
peg_insertion,compound_shock,overfit_rapid_adaptation,79,0.395790
peg_insertion,compound_shock,overfit_rapid_adaptation,80,0.392025
peg_insertion,compound_shock,overfit_rapid_adaptation,81,0.388277
peg_insertion,compound_shock,overfit_rapid_adaptation,82,0.384543
peg_insertion,compound_shock,overfit_rapid_adaptation,83,0.380825
peg_insertion,compound_shock,overfit_rapid_adaptation,84,0.377122
peg_insertion,compound_shock,overfit_rapid_adaptation,85,0.373433
peg_insertion,compound_shock,overfit_rapid_adaptation,86,0.369759
peg_insertion,compound_shock,overfit_rapid_adaptation,87,0.366100
peg_insertion,compound_shock,overfit_rapid_adaptation,88,0.286572
peg_insertion,compound_shock,overfit_rapid_adaptation,89,0.284663
peg_insertion,compound_shock,overfit_rapid_adaptation,90,0.282704
peg_insertion,compound_shock,overfit_rapid_adaptation,91,0.280696
peg_insertion,compound_shock,overfit_rapid_adaptation,92,0.278643
peg_insertion,compound_shock,overfit_rapid_adaptation,93,0.276546
peg_insertion,compound_shock,overfit_rapid_adaptation,94,0.274408
peg_insertion,compound_shock,overfit_rapid_adaptation,95,0.272230
peg_insertion,compound_shock,overfit_rapid_adaptation,96,0.272052
peg_insertion,compound_shock,overfit_rapid_adaptation,97,0.271749
peg_insertion,compound_shock,overfit_rapid_adaptation,98,0.271327
peg_insertion,compound_shock,overfit_rapid_adaptation,99,0.270792
peg_insertion,compound_shock,overfit_rapid_adaptation,100,0.270148
peg_insertion,compound_shock,overfit_rapid_adaptation,101,0.269402
peg_insertion,compound_shock,overfit_rapid_adaptation,102,0.268557
peg_insertion,compound_shock,overfit_rapid_adaptation,103,0.267620
peg_insertion,compound_shock,overfit_rapid_adaptation,104,0.266595
peg_insertion,compound_shock,overfit_rapid_adaptation,105,0.265487
peg_insertion,compound_shock,overfit_rapid_adaptation,106,0.264300
peg_insertion,compound_shock,overfit_rapid_adaptation,107,0.263038
peg_insertion,compound_shock,overfit_rapid_adaptation,108,0.261706
peg_insertion,compound_shock,overfit_rapid_adaptation,109,0.260308
peg_insertion,compound_shock,overfit_rapid_adaptation,110,0.258848
peg_insertion,compound_shock,overfit_rapid_adaptation,111,0.257329
peg_insertion,compound_shock,overfit_rapid_adaptation,112,0.255756
peg_insertion,compound_shock,overfit_rapid_adaptation,113,0.254131
peg_insertion,compound_shock,overfit_rapid_adaptation,114,0.252459
peg_insertion,compound_shock,overfit_rapid_adaptation,115,0.250743
peg_insertion,compound_shock,overfit_rapid_adaptation,116,0.248986
peg_insertion,compound_shock,overfit_rapid_adaptation,117,0.247191
peg_insertion,compound_shock,overfit_rapid_adaptation,118,0.245361
peg_insertion,compound_shock,overfit_rapid_adaptation,119,0.243500
peg_insertion,compound_shock,overfit_rapid_adaptation,120,0.241609
peg_insertion,compound_shock,overfit_rapid_adaptation,121,0.239693
peg_insertion,compound_shock,overfit_rapid_adaptation,122,0.237752
peg_insertion,compound_shock,overfit_rapid_adaptation,123,0.235791
peg_insertion,compound_shock,overfit_rapid_adaptation,124,0.233811
peg_insertion,compound_shock,overfit_rapid_adaptation,125,0.231814
peg_insertion,compound_shock,overfit_rapid_adaptation,126,0.229804
peg_insertion,compound_shock,overfit_rapid_adaptation,127,0.227781
peg_insertion,compound_shock,overfit_rapid_adaptation,128,0.225748
peg_insertion,compound_shock,overfit_rapid_adaptation,129,0.223707
peg_insertion,compound_shock,overfit_rapid_adaptation,130,0.221659
peg_insertion,compound_shock,overfit_rapid_adaptation,131,0.219606
peg_insertion,compound_shock,overfit_rapid_adaptation,132,0.217551
peg_insertion,compound_shock,overfit_rapid_adaptation,133,0.215493
peg_insertion,compound_shock,overfit_rapid_adaptation,134,0.213435
peg_insertion,compound_shock,overfit_rapid_adaptation,135,0.211378
peg_insertion,compound_shock,overfit_rapid_adaptation,136,0.209323
peg_insertion,compound_shock,overfit_rapid_adaptation,137,0.207272
peg_insertion,compound_shock,overfit_rapid_adaptation,138,0.205224
peg_insertion,compound_shock,overfit_rapid_adaptation,139,0.203181
peg_insertion,compound_shock,overfit_rapid_adaptation,140,0.201145
peg_insertion,compound_shock,overfit_rapid_adaptation,141,0.199114
peg_insertion,compound_shock,overfit_rapid_adaptation,142,0.197091
peg_insertion,compound_shock,overfit_rapid_adaptation,143,0.195075
peg_insertion,compound_shock,overfit_rapid_adaptation,144,0.193068
peg_insertion,compound_shock,overfit_rapid_adaptation,145,0.191069
peg_insertion,compound_shock,overfit_rapid_adaptation,146,0.189079
peg_insertion,compound_shock,overfit_rapid_adaptation,147,0.187098
peg_insertion,compound_shock,overfit_rapid_adaptation,148,0.185126
peg_insertion,compound_shock,overfit_rapid_adaptation,149,0.183163
peg_insertion,compound_shock,overfit_rapid_adaptation,150,0.105328
peg_insertion,compound_shock,overfit_rapid_adaptation,151,0.105106
peg_insertion,compound_shock,overfit_rapid_adaptation,152,0.104828
peg_insertion,compound_shock,overfit_rapid_adaptation,153,0.104498
peg_insertion,compound_shock,overfit_rapid_adaptation,154,0.104118
peg_insertion,compound_shock,overfit_rapid_adaptation,155,0.103689
peg_insertion,compound_shock,overfit_rapid_adaptation,156,0.103213
peg_insertion,compound_shock,overfit_rapid_adaptation,157,0.102693
peg_insertion,compound_shock,overfit_rapid_adaptation,158,0.104167
peg_insertion,compound_shock,overfit_rapid_adaptation,159,0.105510
peg_insertion,compound_shock,overfit_rapid_adaptation,160,0.106727
peg_insertion,compound_shock,overfit_rapid_adaptation,161,0.107824
peg_insertion,compound_shock,overfit_rapid_adaptation,162,0.108805
peg_insertion,compound_shock,overfit_rapid_adaptation,163,0.109675
peg_insertion,compound_shock,overfit_rapid_adaptation,164,0.110438
peg_insertion,compound_shock,overfit_rapid_adaptation,165,0.111100
peg_insertion,compound_shock,overfit_rapid_adaptation,166,0.111663
peg_insertion,compound_shock,overfit_rapid_adaptation,167,0.112133
peg_insertion,compound_shock,overfit_rapid_adaptation,168,0.112512
peg_insertion,compound_shock,overfit_rapid_adaptation,169,0.112805
peg_insertion,compound_shock,overfit_rapid_adaptation,170,0.113015
peg_insertion,compound_shock,overfit_rapid_adaptation,171,0.113145
peg_insertion,compound_shock,overfit_rapid_adaptation,172,0.113198
peg_insertion,compound_shock,overfit_rapid_adaptation,173,0.113178
peg_insertion,compound_shock,overfit_rapid_adaptation,174,0.113087
peg_insertion,compound_shock,overfit_rapid_adaptation,175,0.112929
peg_insertion,compound_shock,overfit_rapid_adaptation,176,0.112706
peg_insertion,compound_shock,overfit_rapid_adaptation,177,0.112421
peg_insertion,compound_shock,overfit_rapid_adaptation,178,0.112077
peg_insertion,compound_shock,overfit_rapid_adaptation,179,0.111675
peg_insertion,compound_shock,overfit_rapid_adaptation,180,0.111219
peg_insertion,compound_shock,overfit_rapid_adaptation,181,0.110711
peg_insertion,compound_shock,overfit_rapid_adaptation,182,0.110154
peg_insertion,compound_shock,overfit_rapid_adaptation,183,0.109549
peg_insertion,compound_shock,overfit_rapid_adaptation,184,0.108899
peg_insertion,compound_shock,overfit_rapid_adaptation,185,0.108206
peg_insertion,compound_shock,overfit_rapid_adaptation,186,0.107472
peg_insertion,compound_shock,overfit_rapid_adaptation,187,0.106700
peg_insertion,compound_shock,overfit_rapid_adaptation,188,0.105890
peg_insertion,compound_shock,overfit_rapid_adaptation,189,0.105046
peg_insertion,compound_shock,overfit_rapid_adaptation,190,0.104170
peg_insertion,compound_shock,overfit_rapid_adaptation,191,0.103262
peg_insertion,compound_shock,overfit_rapid_adaptation,192,0.102326
peg_insertion,compound_shock,overfit_rapid_adaptation,193,0.101362
peg_insertion,compound_shock,overfit_rapid_adaptation,194,0.100373
peg_insertion,compound_shock,overfit_rapid_adaptation,195,0.099361
peg_insertion,compound_shock,overfit_rapid_adaptation,196,0.098326
peg_insertion,compound_shock,overfit_rapid_adaptation,197,0.097271
peg_insertion,compound_shock,overfit_rapid_adaptation,198,0.096198
peg_insertion,compound_shock,overfit_rapid_adaptation,199,0.095108
peg_insertion,compound_shock,overfit_rapid_adaptation,200,0.094002
peg_insertion,compound_shock,overfit_rapid_adaptation,201,0.092882
peg_insertion,compound_shock,overfit_rapid_adaptation,202,0.091750
peg_insertion,compound_shock,overfit_rapid_adaptation,203,0.090606
peg_insertion,compound_shock,overfit_rapid_adaptation,204,0.089453
peg_insertion,compound_shock,overfit_rapid_adaptation,205,0.088291
peg_insertion,compound_shock,overfit_rapid_adaptation,206,0.087121
peg_insertion,compound_shock,overfit_rapid_adaptation,207,0.085946
peg_insertion,compound_shock,overfit_rapid_adaptation,208,0.084765
peg_insertion,compound_shock,overfit_rapid_adaptation,209,0.083581
peg_insertion,compound_shock,overfit_rapid_adaptation,210,0.082393
peg_insertion,compound_shock,overfit_rapid_adaptation,211,0.081204
peg_insertion,compound_shock,overfit_rapid_adaptation,212,0.080013
peg_insertion,compound_shock,overfit_rapid_adaptation,213,0.078823
peg_insertion,compound_shock,overfit_rapid_adaptation,214,0.077633
peg_insertion,compound_shock,overfit_rapid_adaptation,215,0.076444
peg_insertion,compound_shock,overfit_rapid_adaptation,216,0.075257
peg_insertion,compound_shock,overfit_rapid_adaptation,217,0.074073
peg_insertion,compound_shock,overfit_rapid_adaptation,218,0.010000
peg_insertion,compound_shock,overfit_rapid_adaptation,219,0.010000
peg_insertion,compound_shock,overfit_rapid_adaptation,220,0.010000
peg_insertion,compound_shock,overfit_rapid_adaptation,221,0.010000
peg_insertion,compound_shock,overfit_rapid_adaptation,222,0.010000
peg_insertion,compound_shock,overfit_rapid_adaptation,223,0.010000
peg_insertion,compound_shock,overfit_rapid_adaptation,224,0.010000
peg_insertion,compound_shock,overfit_rapid_adaptation,225,0.010000
peg_insertion,compound_shock,overfit_rapid_adaptation,226,0.010000
peg_insertion,compound_shock,overfit_rapid_adaptation,227,0.010000
peg_insertion,compound_shock,overfit_rapid_adaptation,228,0.010000
peg_insertion,compound_shock,overfit_rapid_adaptation,229,0.010000
peg_insertion,compound_shock,overfit_rapid_adaptation,230,0.010000
peg_insertion,compound_shock,overfit_rapid_adaptation,231,0.011047
peg_insertion,compound_shock,overfit_rapid_adaptation,232,0.012543
peg_insertion,compound_shock,overfit_rapid_adaptation,233,0.013937
peg_insertion,compound_shock,overfit_rapid_adaptation,234,0.015233
peg_insertion,compound_shock,overfit_rapid_adaptation,235,0.016434
peg_insertion,compound_shock,overfit_rapid_adaptation,236,0.017546
peg_insertion,compound_shock,overfit_rapid_adaptation,237,0.018570
peg_insertion,compound_shock,overfit_rapid_adaptation,238,0.019512
peg_insertion,compound_shock,overfit_rapid_adaptation,239,0.020373
peg_insertion,compound_shock,overfit_rapid_adaptation,240,0.021158
peg_insertion,compound_shock,oracle_maintenance,0,0.886326
peg_insertion,compound_shock,oracle_maintenance,1,0.883954
peg_insertion,compound_shock,oracle_maintenance,2,0.881585
peg_insertion,compound_shock,oracle_maintenance,3,0.879216
peg_insertion,compound_shock,oracle_maintenance,4,0.876847
peg_insertion,compound_shock,oracle_maintenance,5,0.874477
peg_insertion,compound_shock,oracle_maintenance,6,0.872105
peg_insertion,compound_shock,oracle_maintenance,7,0.869730
peg_insertion,compound_shock,oracle_maintenance,8,0.867351
peg_insertion,compound_shock,oracle_maintenance,9,0.864967
peg_insertion,compound_shock,oracle_maintenance,10,0.862579
peg_insertion,compound_shock,oracle_maintenance,11,0.860184
peg_insertion,compound_shock,oracle_maintenance,12,0.857783
peg_insertion,compound_shock,oracle_maintenance,13,0.855375
peg_insertion,compound_shock,oracle_maintenance,14,0.852961
peg_insertion,compound_shock,oracle_maintenance,15,0.850538
peg_insertion,compound_shock,oracle_maintenance,16,0.848108
peg_insertion,compound_shock,oracle_maintenance,17,0.845671
peg_insertion,compound_shock,oracle_maintenance,18,0.843225
peg_insertion,compound_shock,oracle_maintenance,19,0.840773
peg_insertion,compound_shock,oracle_maintenance,20,0.838313
peg_insertion,compound_shock,oracle_maintenance,21,0.835845
peg_insertion,compound_shock,oracle_maintenance,22,0.833371
peg_insertion,compound_shock,oracle_maintenance,23,0.830891
peg_insertion,compound_shock,oracle_maintenance,24,0.828405
peg_insertion,compound_shock,oracle_maintenance,25,0.825914
peg_insertion,compound_shock,oracle_maintenance,26,0.823418
peg_insertion,compound_shock,oracle_maintenance,27,0.820918
peg_insertion,compound_shock,oracle_maintenance,28,0.818415
peg_insertion,compound_shock,oracle_maintenance,29,0.815910
peg_insertion,compound_shock,oracle_maintenance,30,0.813404
peg_insertion,compound_shock,oracle_maintenance,31,0.810897
peg_insertion,compound_shock,oracle_maintenance,32,0.744927
peg_insertion,compound_shock,oracle_maintenance,33,0.747305
peg_insertion,compound_shock,oracle_maintenance,34,0.749482
peg_insertion,compound_shock,oracle_maintenance,35,0.751466
peg_insertion,compound_shock,oracle_maintenance,36,0.753267
peg_insertion,compound_shock,oracle_maintenance,37,0.754894
peg_insertion,compound_shock,oracle_maintenance,38,0.756356
peg_insertion,compound_shock,oracle_maintenance,39,0.757660
peg_insertion,compound_shock,oracle_maintenance,40,0.758816
peg_insertion,compound_shock,oracle_maintenance,41,0.759830
peg_insertion,compound_shock,oracle_maintenance,42,0.760710
peg_insertion,compound_shock,oracle_maintenance,43,0.761463
peg_insertion,compound_shock,oracle_maintenance,44,0.762095
peg_insertion,compound_shock,oracle_maintenance,45,0.762614
peg_insertion,compound_shock,oracle_maintenance,46,0.763026
peg_insertion,compound_shock,oracle_maintenance,47,0.763336
peg_insertion,compound_shock,oracle_maintenance,48,0.763550
peg_insertion,compound_shock,oracle_maintenance,49,0.763673
peg_insertion,compound_shock,oracle_maintenance,50,0.763711
peg_insertion,compound_shock,oracle_maintenance,51,0.763669
peg_insertion,compound_shock,oracle_maintenance,52,0.763550
peg_insertion,compound_shock,oracle_maintenance,53,0.763360
peg_insertion,compound_shock,oracle_maintenance,54,0.763102
peg_insertion,compound_shock,oracle_maintenance,55,0.762781
peg_insertion,compound_shock,oracle_maintenance,56,0.762400
peg_insertion,compound_shock,oracle_maintenance,57,0.761963
peg_insertion,compound_shock,oracle_maintenance,58,0.761472
peg_insertion,compound_shock,oracle_maintenance,59,0.760931
peg_insertion,compound_shock,oracle_maintenance,60,0.760343
peg_insertion,compound_shock,oracle_maintenance,61,0.759710
peg_insertion,compound_shock,oracle_maintenance,62,0.759034
peg_insertion,compound_shock,oracle_maintenance,63,0.758318
peg_insertion,compound_shock,oracle_maintenance,64,0.757564
peg_insertion,compound_shock,oracle_maintenance,65,0.756773
peg_insertion,compound_shock,oracle_maintenance,66,0.755948
peg_insertion,compound_shock,oracle_maintenance,67,0.755090
peg_insertion,compound_shock,oracle_maintenance,68,0.754201
peg_insertion,compound_shock,oracle_maintenance,69,0.753280
peg_insertion,compound_shock,oracle_maintenance,70,0.752331
peg_insertion,compound_shock,oracle_maintenance,71,0.751353
peg_insertion,compound_shock,oracle_maintenance,72,0.750348
peg_insertion,compound_shock,oracle_maintenance,73,0.749316
peg_insertion,compound_shock,oracle_maintenance,74,0.748259
peg_insertion,compound_shock,oracle_maintenance,75,0.747176
peg_insertion,compound_shock,oracle_maintenance,76,0.746068
peg_insertion,compound_shock,oracle_maintenance,77,0.744936
peg_insertion,compound_shock,oracle_maintenance,78,0.743780
peg_insertion,compound_shock,oracle_maintenance,79,0.742600
peg_insertion,compound_shock,oracle_maintenance,80,0.741397
peg_insertion,compound_shock,oracle_maintenance,81,0.740171
peg_insertion,compound_shock,oracle_maintenance,82,0.738922
peg_insertion,compound_shock,oracle_maintenance,83,0.737650
peg_insertion,compound_shock,oracle_maintenance,84,0.736355
peg_insertion,compound_shock,oracle_maintenance,85,0.735038
peg_insertion,compound_shock,oracle_maintenance,86,0.733699
peg_insertion,compound_shock,oracle_maintenance,87,0.732338
peg_insertion,compound_shock,oracle_maintenance,88,0.667491
peg_insertion,compound_shock,oracle_maintenance,89,0.670969
peg_insertion,compound_shock,oracle_maintenance,90,0.674220
peg_insertion,compound_shock,oracle_maintenance,91,0.677255
peg_insertion,compound_shock,oracle_maintenance,92,0.680080
peg_insertion,compound_shock,oracle_maintenance,93,0.682705
peg_insertion,compound_shock,oracle_maintenance,94,0.685137
peg_insertion,compound_shock,oracle_maintenance,95,0.687383
peg_insertion,compound_shock,oracle_maintenance,96,0.689452
peg_insertion,compound_shock,oracle_maintenance,97,0.691350
peg_insertion,compound_shock,oracle_maintenance,98,0.693084
peg_insertion,compound_shock,oracle_maintenance,99,0.694660
peg_insertion,compound_shock,oracle_maintenance,100,0.696085
peg_insertion,compound_shock,oracle_maintenance,101,0.697365
peg_insertion,compound_shock,oracle_maintenance,102,0.698507
peg_insertion,compound_shock,oracle_maintenance,103,0.699515
peg_insertion,compound_shock,oracle_maintenance,104,0.700396
peg_insertion,compound_shock,oracle_maintenance,105,0.701155
peg_insertion,compound_shock,oracle_maintenance,106,0.701798
peg_insertion,compound_shock,oracle_maintenance,107,0.702329
peg_insertion,compound_shock,oracle_maintenance,108,0.702754
peg_insertion,compound_shock,oracle_maintenance,109,0.703077
peg_insertion,compound_shock,oracle_maintenance,110,0.703303
peg_insertion,compound_shock,oracle_maintenance,111,0.703438
peg_insertion,compound_shock,oracle_maintenance,112,0.703485
peg_insertion,compound_shock,oracle_maintenance,113,0.703448
peg_insertion,compound_shock,oracle_maintenance,114,0.703333
peg_insertion,compound_shock,oracle_maintenance,115,0.703143
peg_insertion,compound_shock,oracle_maintenance,116,0.702882
peg_insertion,compound_shock,oracle_maintenance,117,0.702553
peg_insertion,compound_shock,oracle_maintenance,118,0.702162
peg_insertion,compound_shock,oracle_maintenance,119,0.701711
peg_insertion,compound_shock,oracle_maintenance,120,0.701204
peg_insertion,compound_shock,oracle_maintenance,121,0.700644
peg_insertion,compound_shock,oracle_maintenance,122,0.700035
peg_insertion,compound_shock,oracle_maintenance,123,0.699379
peg_insertion,compound_shock,oracle_maintenance,124,0.698681
peg_insertion,compound_shock,oracle_maintenance,125,0.697942
peg_insertion,compound_shock,oracle_maintenance,126,0.697165
peg_insertion,compound_shock,oracle_maintenance,127,0.696354
peg_insertion,compound_shock,oracle_maintenance,128,0.695510
peg_insertion,compound_shock,oracle_maintenance,129,0.694636
peg_insertion,compound_shock,oracle_maintenance,130,0.693735
peg_insertion,compound_shock,oracle_maintenance,131,0.692809
peg_insertion,compound_shock,oracle_maintenance,132,0.691859
peg_insertion,compound_shock,oracle_maintenance,133,0.690888
peg_insertion,compound_shock,oracle_maintenance,134,0.689897
peg_insertion,compound_shock,oracle_maintenance,135,0.688889
peg_insertion,compound_shock,oracle_maintenance,136,0.687865
peg_insertion,compound_shock,oracle_maintenance,137,0.686826
peg_insertion,compound_shock,oracle_maintenance,138,0.685773
peg_insertion,compound_shock,oracle_maintenance,139,0.684708
peg_insertion,compound_shock,oracle_maintenance,140,0.683633
peg_insertion,compound_shock,oracle_maintenance,141,0.682547
peg_insertion,compound_shock,oracle_maintenance,142,0.681453
peg_insertion,compound_shock,oracle_maintenance,143,0.680350
peg_insertion,compound_shock,oracle_maintenance,144,0.679240
peg_insertion,compound_shock,oracle_maintenance,145,0.678123
peg_insertion,compound_shock,oracle_maintenance,146,0.677000
peg_insertion,compound_shock,oracle_maintenance,147,0.675871
peg_insertion,compound_shock,oracle_maintenance,148,0.674736
peg_insertion,compound_shock,oracle_maintenance,149,0.673597
peg_insertion,compound_shock,oracle_maintenance,150,0.608989
peg_insertion,compound_shock,oracle_maintenance,151,0.612722
peg_insertion,compound_shock,oracle_maintenance,152,0.616247
peg_insertion,compound_shock,oracle_maintenance,153,0.619570
peg_insertion,compound_shock,oracle_maintenance,154,0.622701
peg_insertion,compound_shock,oracle_maintenance,155,0.625648
peg_insertion,compound_shock,oracle_maintenance,156,0.628417
peg_insertion,compound_shock,oracle_maintenance,157,0.631016
peg_insertion,compound_shock,oracle_maintenance,158,0.633452
peg_insertion,compound_shock,oracle_maintenance,159,0.635730
peg_insertion,compound_shock,oracle_maintenance,160,0.637858
peg_insertion,compound_shock,oracle_maintenance,161,0.639841
peg_insertion,compound_shock,oracle_maintenance,162,0.641683
peg_insertion,compound_shock,oracle_maintenance,163,0.643392
peg_insertion,compound_shock,oracle_maintenance,164,0.644971
peg_insertion,compound_shock,oracle_maintenance,165,0.646426
peg_insertion,compound_shock,oracle_maintenance,166,0.647761
peg_insertion,compound_shock,oracle_maintenance,167,0.648980
peg_insertion,compound_shock,oracle_maintenance,168,0.650089
peg_insertion,compound_shock,oracle_maintenance,169,0.651090
peg_insertion,compound_shock,oracle_maintenance,170,0.651988
peg_insertion,compound_shock,oracle_maintenance,171,0.652786
peg_insertion,compound_shock,oracle_maintenance,172,0.653489
peg_insertion,compound_shock,oracle_maintenance,173,0.654099
peg_insertion,compound_shock,oracle_maintenance,174,0.654620
peg_insertion,compound_shock,oracle_maintenance,175,0.655056
peg_insertion,compound_shock,oracle_maintenance,176,0.655409
peg_insertion,compound_shock,oracle_maintenance,177,0.655682
peg_insertion,compound_shock,oracle_maintenance,178,0.655879
peg_insertion,compound_shock,oracle_maintenance,179,0.656002
peg_insertion,compound_shock,oracle_maintenance,180,0.656054
peg_insertion,compound_shock,oracle_maintenance,181,0.656038
peg_insertion,compound_shock,oracle_maintenance,182,0.655957
peg_insertion,compound_shock,oracle_maintenance,183,0.655813
peg_insertion,compound_shock,oracle_maintenance,184,0.655609
peg_insertion,compound_shock,oracle_maintenance,185,0.655348
peg_insertion,compound_shock,oracle_maintenance,186,0.655031
peg_insertion,compound_shock,oracle_maintenance,187,0.654661
peg_insertion,compound_shock,oracle_maintenance,188,0.654242
peg_insertion,compound_shock,oracle_maintenance,189,0.653774
peg_insertion,compound_shock,oracle_maintenance,190,0.653260
peg_insertion,compound_shock,oracle_maintenance,191,0.652704
peg_insertion,compound_shock,oracle_maintenance,192,0.652106
peg_insertion,compound_shock,oracle_maintenance,193,0.651469
peg_insertion,compound_shock,oracle_maintenance,194,0.650795
peg_insertion,compound_shock,oracle_maintenance,195,0.650086
peg_insertion,compound_shock,oracle_maintenance,196,0.649345
peg_insertion,compound_shock,oracle_maintenance,197,0.648572
peg_insertion,compound_shock,oracle_maintenance,198,0.647771
peg_insertion,compound_shock,oracle_maintenance,199,0.646944
peg_insertion,compound_shock,oracle_maintenance,200,0.646091
peg_insertion,compound_shock,oracle_maintenance,201,0.645215
peg_insertion,compound_shock,oracle_maintenance,202,0.644318
peg_insertion,compound_shock,oracle_maintenance,203,0.643401
peg_insertion,compound_shock,oracle_maintenance,204,0.642466
peg_insertion,compound_shock,oracle_maintenance,205,0.641514
peg_insertion,compound_shock,oracle_maintenance,206,0.640548
peg_insertion,compound_shock,oracle_maintenance,207,0.639568
peg_insertion,compound_shock,oracle_maintenance,208,0.638576
peg_insertion,compound_shock,oracle_maintenance,209,0.637574
peg_insertion,compound_shock,oracle_maintenance,210,0.636562
peg_insertion,compound_shock,oracle_maintenance,211,0.635542
peg_insertion,compound_shock,oracle_maintenance,212,0.634516
peg_insertion,compound_shock,oracle_maintenance,213,0.633483
peg_insertion,compound_shock,oracle_maintenance,214,0.632445
peg_insertion,compound_shock,oracle_maintenance,215,0.631404
peg_insertion,compound_shock,oracle_maintenance,216,0.630360
peg_insertion,compound_shock,oracle_maintenance,217,0.629313
peg_insertion,compound_shock,oracle_maintenance,218,0.564801
peg_insertion,compound_shock,oracle_maintenance,219,0.568636
peg_insertion,compound_shock,oracle_maintenance,220,0.572265
peg_insertion,compound_shock,oracle_maintenance,221,0.575699
peg_insertion,compound_shock,oracle_maintenance,222,0.578947
peg_insertion,compound_shock,oracle_maintenance,223,0.582015
peg_insertion,compound_shock,oracle_maintenance,224,0.584913
peg_insertion,compound_shock,oracle_maintenance,225,0.587648
peg_insertion,compound_shock,oracle_maintenance,226,0.590226
peg_insertion,compound_shock,oracle_maintenance,227,0.592656
peg_insertion,compound_shock,oracle_maintenance,228,0.594943
peg_insertion,compound_shock,oracle_maintenance,229,0.597093
peg_insertion,compound_shock,oracle_maintenance,230,0.599112
peg_insertion,compound_shock,oracle_maintenance,231,0.601006
peg_insertion,compound_shock,oracle_maintenance,232,0.602780
peg_insertion,compound_shock,oracle_maintenance,233,0.604439
peg_insertion,compound_shock,oracle_maintenance,234,0.605987
peg_insertion,compound_shock,oracle_maintenance,235,0.607430
peg_insertion,compound_shock,oracle_maintenance,236,0.608771
peg_insertion,compound_shock,oracle_maintenance,237,0.610014
peg_insertion,compound_shock,oracle_maintenance,238,0.611164
peg_insertion,compound_shock,oracle_maintenance,239,0.612223
peg_insertion,compound_shock,oracle_maintenance,240,0.613196
